date_created	name	comment	added_to_db	date_added_to_db	new_id	id	lemma_1	neg	sanskrit	family_idioms	non_root_in_comps	antonym	link	inflections_html	verb	root_key	family_word	family_set	source_1	synonym	origin	freq_html	pos	trans	family_compound	construction	sutta_1	variant	stem	inflections	ebt_count	plus_case	derivative	example_1	var_phonetic	pattern	lemma_2	meaning_1	root_base	suffix	source_2	var_text	inflections_api_ca_eva_iti	grammar	meaning_lit	family_root	phonetic	sutta_2	commentary	inflections_sinhala	meaning_2	compound_type	example_2	notes	inflections_devanagari	derived_from	non_ia	root_sign	compound_construction	cognate	inflections_thai
2024-08-26	deva	vin3	yes	2024-09-18	79664	89475	senānāyaka		senā + nāyaka										VIN3.1.27		dps		masc		senā nāyaka	senā + nāyaka	mahākhandhako, rājabhaṭavatthu		senānāyak					<b>senānāyakā</b> mahāmattā ujjhāyanti khiyyanti vipācenti, kathañ'hi nāma samaṇā sakyaputtiyā rājabhaṭaṃ pabbājessantī'ti.		a masc	senānāyako	leader of the army; general						masc, comp								chaṭṭhī tappurisa							sen<b>āya</b> + nāyaka		
2024-08-26	deva	vin3	yes	2024-09-18	79665	99475	chetabba		[chid]						caus	√chid			VIN3.1.27		dps		ptp			chede > che + tabba	mahākhandhako, rājabhaṭavatthu		chetabb				kicca	upajjhāyassa, deva, sīsaṃ <b>chetabbaṃ</b>, anussāvakassa jivhā uddharitabbā, gaṇassa upaḍḍhaphāsukā bhañjitabbā'ti.		a ptp	chetabba	should be cut off	√chid + *e > chede (caus)	tabba				ptp of chedeti	to cause to be cut	√chid										chedeti		*e			
2024-08-26	deva	vin3	yes	2024-09-18	79666	109475	upaḍḍhaphāsukā		upārdha + parśukā										VIN3.1.27		dps		fem		upaḍḍha phāsukā	upaḍḍha + phāsukā	mahākhandhako, rājabhaṭavatthu		upaḍḍhaphāsuk					upajjhāyassa, deva, sīsaṃ chetabbaṃ, anussāvakassa jivhā uddharitabbā, gaṇassa <b>upaḍḍhaphāsukā</b> bhañjitabbāti.		ā fem	upaḍḍhaphāsukā	half of the ribs						fem, comp								kammadhāraya							upaḍḍha + phāsukā		
2024-08-26	deva	vin3	yes	2024-09-18	79667	119475	bhañjitabba		[bhañj]							√bhañj			VIN3.1.27		dps		ptp			√bhañj + itabba	mahākhandhako, rājabhaṭavatthu		bhañjitabb				kicca	upajjhāyassa, deva, sīsaṃ chetabbaṃ, anussāvakassa jivhā uddharitabbā, gaṇassa upaḍḍhaphāsukā <b>bhañjitabbā</b>'ti.		a ptp	bhañjitabba	should be broken; should be destroyed		itabba				ptp of bhañjati	to be broken	√bhañj										bhañjati		a			
2024-08-26	deva	vin3	yes	2024-09-18	79668	129475	aṅgulimālacoravatthu		aṅgulī + mālā + cora + vastu										VIN3.1.28		dps		nt		aṅguli māla cora vatthu	aṅgulimāla + cora + vatthu	mahākhandhako, aṅgulimālacoravatthu		aṅgulimālacoravatth					<b>aṅgulimālacoravatthu</b> niṭṭhitaṃ.		u nt	aṅgulimālacoravatthu	the story of Aṅgulimāla the criminal						nt, comp								chaṭṭhī tappurisa							aṅgulimālacor<b>assa</b> + vatthu		
2024-08-26	deva	vin3	yes	2024-09-18	79669	139475	kārabhedakacoravatthu		kāra + bhedakara + cora + vastu										VIN3.1.29		dps		nt		kārabhedaka cora vatthu	kārabhedaka + cora + vatthu	mahākhandhako, kārabhedakacoravatthu		kārabhedakacoravatth					<b>kārabhedakacoravatthu</b> niṭṭhitaṃ.		u nt	kārabhedakacoravatthu	case of the escaped criminal; story of the criminal who had broken out of prison						nt, comp								chaṭṭhī tappurisa							kārabhedakacor<b>assa</b> + vatthu		
2024-08-26	deva	vin3 not sure about construction, CPD: (etymol. doubtful)	yes	2024-09-18	79670	149475	abhayūvara												VIN3.1.29		dps		adj		bhaya	na > a + bhaya + uvara	mahākhandhako, kārabhedakacoravatthu		abhayūvar					manussā ujjhāyanti khiyyanti vipācenti, <b>abhayūvarā</b> ime samaṇā sakyaputtiyā, na'y'ime labbhā kiñ'ci kātuṃ.		a adj	abhayūvara	untouchable; inviolable; unrestrained by fear						adj, comp																	
2024-08-26	deva	vin3	yes	2024-09-18	79671	159475	likhitakacoravatthu		lekhitum + cora + vastu										VIN3.1.30		dps		nt		likhitaka cora vatthu	likhitaka + cora + vatthu	mahākhandhako, likhitakacoravatthu		likhitakacoravatth					<b>likhitakacoravatthu</b> niṭṭhitaṃ.		u nt	likhitakacoravatthu	case of the wanted criminal; story of the criminal for whom a warrant had been written						nt, comp								chaṭṭhī tappurisa							likhitakacor<b>assa</b> + vatthu		
2024-08-26	deva	vin3	yes	2024-09-18	79672	169475	kasāhatavatthu		kaśa + hata + vastu										VIN3.1.31		dps		nt		kasā hata vatthu	kasāhata + vatthu	mahākhandhako, kasāhatavatthu		kasāhatavatth					<b>kasāhatavatthu</b> niṭṭhitaṃ.		u nt	kasāhatavatthu	story of the man who had been whipped						nt, comp								chaṭṭhī tappurisa							kasāhat<b>assa</b> + vatthu		
2024-08-26	deva	vin3	yes	2024-09-18	79673	179475	katadaṇḍakamma		kṛta + daṇḍa + karman										VIN3.1.31		dps		adj		kata daṇḍa kamma	kata + daṇḍa + kamma	mahākhandhako, kasāhatavatthu		katadaṇḍakamm					bhagavato etam'atthaṃ ārocesuṃ. na, bhikkhave, kasāhato <b>katadaṇḍakammo</b> pabbājetabbo. yo pabbājeyya, āpatti dukkaṭassā'ti.		a adj	katadaṇḍakamma	punished; having penalty						adj, comp								chaṭṭhī tappurisa							katadaṇḍ<b>assa</b> + kamma		
2024-08-26	deva	vin3	yes	2024-09-18	79674	189475	lakkhaṇāhatavatthu		lakṣaṇa + āhata + vastu										VIN3.1.32		dps		nt		lakkhaṇa āhata vatthu	lakkhaṇa + āhata + vatthu	mahākhandhako, lakkhaṇāhatavatthu		lakkhaṇāhatavatth					<b>lakkhaṇāhatavatthu</b> niṭṭhitaṃ.		u nt	lakkhaṇāhatavatthu	case of the one who had been branded; story of the man who had been branded						nt, comp								chaṭṭhī tappurisa							lakkhaṇāhat<b>assa</b> + vatthu		
2024-08-26	deva	vin3	yes	2024-09-18	79675	199475	lakkhaṇāhata		lakṣaṇa + āhata										VIN3.1.32		dps		adj		lakkhaṇa āhata	lakkhaṇa + āhata	mahākhandhako, lakkhaṇāhatavatthu		lakkhaṇāhat					bhagavato etam'atthaṃ ārocesuṃ. na, bhikkhave, <b>lakkhaṇāhato</b> katadaṇḍakammo pabbājetabbo. yo pabbājeyya, āpatti dukkaṭassā'ti.		a adj	lakkhaṇāhata	branded; who has been punished by hot iron						adj, comp								tatiyā tappurisa							lakkhaṇ<b>ena</b> + āhata		
2024-08-29	deva	vin3	yes	2024-09-18	79676	209475	iṇāyikavatthu		ṛṇika + vastu										VIN3.1.33		dps		nt		iṇāyika vatthu	iṇāyika + vatthu	mahākhandhako, iṇāyikavatthu		iṇāyikavatth					<b>iṇāyikavatthu</b> niṭṭhitaṃ.		u nt	iṇāyikavatthu	case of the one in debt; story of the debtor						nt, comp								chaṭṭhī tappurisa							iṇāyik<b>assa</b> + vatthu		
2024-08-29	deva	vin3	yes	2024-09-18	79677	219475	dāsavatthu		dāsa + vastu										VIN3.1.34		dps		nt		dāsa vatthu	dāsa + vatthu	mahākhandhako, dāsavatthu		dāsavatth					<b>dāsavatthu</b> niṭṭhitaṃ.		u nt	dāsavatthu	case of the slave						nt, comp								chaṭṭhī tappurisa							dās<b>assa</b> + vatthu		
2024-08-29	deva	vin3	yes	2024-09-18	79678	229475	kammārabhaṇḍuvatthu		karmāra + muṇḍa + vastu										VIN3.1.35		dps		nt		kammāra bhaṇḍu vatthu	kammārabhaṇḍu + vatthu	mahākhandhako, kammārabhaṇḍuvatthu		kammārabhaṇḍuvatth					<b>kammārabhaṇḍuvatthu</b> niṭṭhitaṃ.		u nt	kammārabhaṇḍuvatthu	case of the shaven-headed blacksmith; story about one who carries blacksmith tools						nt, comp								chaṭṭhī tappurisa							kammārabhaṇḍ<b>ussa</b> + vatthu		
2024-08-29	deva	vin3	yes	2024-09-18	79679	239475	apaloketuṃ		[avalok]							√lok			VIN3.1.35		dps		inf	trans		apa + loke + tuṃ	mahākhandhako, kammārabhaṇḍuvatthu		-			+acc		atha kho te bhikkhū bhagavato etam'atthaṃ ārocesuṃ. anujānāmi, bhikkhave, saṅghaṃ <b>apaloketuṃ</b> bhaṇḍukammāyā'ti.			apaloketuṃ	to obtains permission; to inform	√lok + e > loke					inf of apaloketi		apa √lok										apaloketi		*e			
2024-08-29	deva	vin3	yes	2024-09-18	79680	249475	upālidārakavatthu		upāli + dāraka + vastu										VIN3.1.36		dps		nt		upāli dāraka vatthu	upālidāraka + vatthu	mahākhandhako, upālidārakavatthu		upālidārakavatth					<b>upālidārakavatthu</b> niṭṭhitaṃ.		u nt	upālidārakavatthu	story of the boy Upāli						nt, comp								chaṭṭhī tappurisa							upālidārak<b>assa</b> + vatthu		
2024-08-29	deva	vin3	yes	2024-09-18	79681	259475	ahivātakarogavatthu		ahi + vātaroga + vastu										VIN3.1.37		dps		nt		ahi vāta roga vatthu	ahivātakaroga + vatthu	mahākhandhako, ahivātakarogavatthu		ahivātakarogavatth					<b>ahivātakarogavatthu</b> niṭṭhitaṃ.		u nt	ahivātakarogavatthu	case of the deadly and contagious disease; story about cholera						nt, comp								chaṭṭhī tappurisa							ahivātakarog<b>assa</b> + vatthu		
2024-08-29	deva	vin3	yes	2024-09-18	79682	269475	pitāputtaka		pitā + putraka										VIN3.1.37		dps		masc		pitar putta	pitā + puttaka	mahākhandhako, ahivātakarogavatthu		pitāputtak					tena kho pana samayena aññataraṃ kulaṃ ahivātakarogena kālaṅ'kataṃ hoti. tassa <b>pitāputtakā</b> sesā honti. te bhikkhūsu pabbajitvā ekato'va piṇḍāya caranti.		a masc	pitāputtako	father and a little son						masc, comp								dvanda							pitā <b>ca</b> puttaka <b>ca</b>		
2024-08-29	deva	vin3	yes	2024-09-18	79683	279475	ūnapannarasavassa		ūna + pañcadaśa + varṣa										VIN3.1.37		dps		adj		ūna paṇṇarasa vassa	ūna + pannarasa + vassa	mahākhandhako, ahivātakarogavatthu		ūnapannarasavass					atha kho te bhikkhū bhagavato etam'atthaṃ ārocesuṃ. na, bhikkhave, <b>ūnapannarasavasso</b> dārako pabbājetabbo. yo pabbājeyya, āpatti dukkaṭassā'ti.		a adj	ūnapannarasavassa	less than 15 years old						adj, comp								kammadhāraya							ūnapannarasa + vassa		
2024-08-29	deva	vin3	yes	2024-09-18	79684	289475	apasādiyamāna		[avasvad]						pass	√sād			VIN3.1.37		dps		prp	trans		apa + asādiya + māna	mahākhandhako, ahivātakarogavatthu		apasādiya			+acc	kita	bhikkhū apasādenti. te bhikkhūhi <b>apasādiyamānā</b> rodanti. atha kho āyasmato ānandassa etadahosi, bhagavatā paññattaṃ na ūnapannarasavasso dārako pabbājetabbo'ti.		māna prp	apasādiyamāna	being driven away; being dismissed	√sād + e + iya > sādiya (pass)	māna				prp of apasādiyati		apa √sād										apasādiyati		*e			
2024-08-29	deva	vin3	yes	2024-09-18	79685	299475	uḍḍāpetuṃ		[uḍḍī]						caus	√ḍi 1			VIN3.1.37		dps		inf	trans		ud + ḍāpe + tuṃ	mahākhandhako, ahivātakarogavatthu		-			+acc		atha kho āyasmā ānando bhagavato etam'atthaṃ ārocesi. ussahanti pana te, ānanda, dārakā kāke <b>uḍḍāpetun</b>'ti? ussahanti, bhagavā'ti.			uḍḍāpetuṃ	to scare away; to chase away	√ḍi + āpe > ḍāpe (caus)					inf of uḍḍāpeti		ud √ḍi										uḍḍāpeti		*āpe			
2024-09-01	deva	vin3	yes	2024-09-18	79686	309475	kaṇṭakavatthu		kaṇṭaka + vastu										VIN3.1.38		dps		nt		kaṇṭaka vatthu	kaṇṭaka + vatthu	mahākhandhako, kaṇṭakavatthu		kaṇṭakavatth					<b>kaṇṭakavatthu</b> niṭṭhitaṃ.		u nt	kaṇṭakavatthu	case of Kaṇṭaka						nt, comp								chaṭṭhī tappurisa							kaṇṭak<b>assa</b> + vatthu		
2024-09-01	deva	vin3	yes	2024-09-18	79687	319475	āhundarikavatthu		+ vastu										VIN3.1.39		dps		nt		āhundarika vatthu	āhundarika + vatthu	mahākhandhako, āhundarikavatthu		āhundarikavatth					<b>āhundarikavatthu</b> niṭṭhitaṃ.		u nt	āhundarikavatthu	case of crowding; story about the obscure						nt, comp								chaṭṭhī tappurisa							āhundarik<b>assa</b> + vatthu		
2024-09-01	deva	vin3	yes	2024-09-18	79688	329475	gacchānanda		gaccha + ānanda										VIN3.1.39		dps		sandhi			gaccha + ānanda	mahākhandhako, āhundarikavatthu		-					atha kho te bhikkhū bhagavato etam'atthaṃ ārocesuṃ. atha kho bhagavā āyasmantaṃ ānandaṃ āmantesi, <b>gacch'ānanda</b>, avāpuraṇaṃ ādāya anupariveṇiyaṃ bhikkhūnaṃ ārocehi, icchatāvuso bhagavā dakkhiṇāgiriṃ cārikaṃ pakkamituṃ.			gacchānanda	go, Ānanda!; leave, Ānanda!						sandhi, imp + masc			aā > ā														
2024-09-01	deva	vin3	yes	2024-09-18	79689	339475	paccāgantabba		[pratyāgam]							√gam			VIN3.1.39		dps		ptp			pati > paty > pacc + ā + √gam + tabba	mahākhandhako, āhundarikavatthu		paccāgantabb				kicca	tattha ca no gantabbaṃ bhavissati, nissayo ca gahetabbo bhavissati, ittaro ca vāso bhavissati, puna ca <b>paccāgantabbaṃ</b> bhavissati, puna ca nissayo gahetabbo bhavissati.		a ptp	paccāgantabba	would come back; should return		tabba				ptp of paccāgacchati	to be come back	pati ā √gam	ti > ty > cc									paccāgacchati		a			
2024-09-07	deva	pat	yes	2024-09-18	79690	407869	hissa 3		hi + asya	hi assa4									VIN PAT NID		dps		sandhi			hi + assa	nidānuddeso		-					sampajānamusāvādo kho pan'āyasmanto antarāyiko dhammo vutto bhagavatā, tasmā saramānena bhikkhunā āpannena visuddh'āpekkhena santī āpatti āvikātabbā, āvikatā <b>hi'ssa</b> phāsu hoti.			hissa	indeed for him; certainly to that; truly to him						sandhi, ind + pron			ia > i							see hissa 2							
2024-09-08	deva	vin3	yes	2024-09-18	79691	417869	lahucittakata		laghu + citta + kṛta										VIN3.1.39		dps		adj		lahu citta1 kata	lahucitta + kata	mahākhandhako, āhundarikavatthu		lahucittakat					sace amhākaṃ ācariyupajjhāyā gamissan'ti, mayam'pi gamissāma, no ce amhākaṃ ācariyupajjhāyā gamissan'ti, mayam'pi na gamissāma. <b>lahucittakatā</b> no, āvuso ānanda, paññāyissatī'ti.		a adj	lahucittakata	appeared frickle						adj, comp	light mind made							kammadhāraya							lahucitta + kata		
2024-09-08	deva	vin3	yes	2024-09-18	79692	437869	muccanaka		mucyana [muc] +						pass	√muc			VIN3.1.40		dps		adj			"mucca + ana + ka
muccana + ka"	mahākhandhako, nissayamuccanakakathā		muccan				taddhita	nissaya<b>muccanaka</b>kathā niṭṭhitā.		aka adj	muccanaka	becoming free (from); being released (from)	√muc + ya > mucca (pass)	ka				adj, from muccati		√muc	y > c									muccati		ya			
2024-09-08	deva	vin3	yes	2024-09-18	79693	427869	nissayamuccanakakathā		niśraya + mucyana + kathā										VIN3.1.40		dps		fem		nissaya muccanaka kathā	nissaya + muccanaka + kathā	mahākhandhako, nissayamuccanakakathā		nissayamuccanakakath					<b>nissayamuccanakakathā</b> niṭṭhitā.		ā fem	nissayamuccanakakathā	discussion of release from formal support; case of release from dependency						fem, comp								alutta chaṭṭhī tappurisa							nissayamuccanak<b>assa</b> + kathā		
2024-09-08	deva	vin3	yes	2024-09-18	79694	447869	ūnapañcavassa		ūna + pañca + varṣa										VIN3.1.40		dps		adj		ūna pañca vassa	ūna + pañcavassa	mahākhandhako, nissayamuccanakakathā		ūnapañcavass					āpattiṃ na jānāti, anāpattiṃ na jānāti, lahukaṃ āpattiṃ na jānāti, garukaṃ āpattiṃ na jānāti, <b>ūnapañcavasso</b> hoti, imehi kho, bhikkhave, pañcah'aṅgehi samannāgatena bhikkhunā na anissitena vatthabbaṃ.		a adj	ūnapañcavassa	less than five years as a monk; fewer than five rains						adj, comp								kammadhāraya							ūna + pañcavassa		
2024-09-08	deva	vin3	yes	2024-09-18	79695	457869	pañcavassa 2		pañca + varṣa										VIN3.1.40		dps		adj		pañca vassa	pañca + vassa	mahākhandhako, nissayamuccanakakathā		pañcavass					saddho hoti, hirimā hoti, ottappī hoti, āraddhavīriyo hoti, upaṭṭhitassati hoti, <b>pañcavasso</b> vā hoti atirekapañcavasso vā, imehi kho, bhikkhave, chahaṅgehi samannāgatena bhikkhunā anissitena vatthabbaṃ.		a adj	pañcavassa	of five years of seniority; having five rains						adj, comp								digu > bahubbīhi							pañca + vassa		
2024-09-10	deva	vin3	yes	2024-09-18	79696	477869	atirekapañcavassa		atireka + pañca + varṣa										VIN3.1.40		dps		adj		atireka pañca vassa	atireka + pañcavassa	mahākhandhako, nissayamuccanakakathā		atirekapañcavass					asekkhena vimuttikkhandhena, asekkhena vimuttiñāṇadassanakkhandhena samannāgato hoti, pañcavasso vā hoti <b>atirekapañcavasso</b> vā, imehi kho, bhikkhave, chahaṅgehi samannāgatena bhikkhunā anissitena vatthabbaṃ.		a adj	atirekapañcavassa	of five or more years of seniority; of five rains or more						adj, comp								kammadhāraya							atireka + pañcavassa		
2024-09-12	deva	vin3	yes	2024-09-18	79697	487869	abhayūvarabhāṇavāra		abhaya + bhāṇa + vāra										VIN3.1.40		dps		masc		bhaya bhāṇavāra	abhayūvara + bhāṇavāra	mahākhandhako, nissayamuccanakakathā		abhayūvarabhāṇavār					<b>abhayūvarabhāṇavāro</b> niṭṭhito aṭṭhamo.		a masc	abhayūvarabhāṇavāro	section for recitation on untouchables; recitation cycle about inviolables						masc, comp								sattamī tappurisa							abhayūvar<b>esu</b> + bhāṇavāra		
2024-09-12	deva	vin3	yes	2024-09-18	79698	497869	aṭṭhamabhāṇavāra		aṣṭama + bhāṇa + vāra										VIN3.1.40		dps		masc		aṭṭha bhāṇavāra	aṭṭhama + bhāṇavāra	mahākhandhako, nissayamuccanakakathā		aṭṭhamabhāṇavār					<b>aṭṭhamabhāṇavāro</b>.		a masc	aṭṭhamabhāṇavāro	eighth section for recitation						masc, comp								kammadhāraya							aṭṭhama + bhāṇavāra		
2024-09-12	deva	vin3	yes	2024-09-18	79699	507869	rāhulavatthu		rāhula + vastu										VIN3.1.41		dps		nt		rāhula vatthu	rāhula + vatthu	mahākhandhako, rāhulavatthu		rāhulavatth					<b>rāhulavatthu</b> niṭṭhitaṃ.		u nt	rāhulavatthu	case of Rāhula; story about Rāhula						nt, comp								chaṭṭhī tappurisa							rāhul<b>assa</b> + vatthu		
2024-09-12	deva	vin3	yes	2024-09-18	79700	467869	rāhulamātar		rāhula + mātar, mātṛ										VIN3.1.41		dps		fem		rāhula mātar	rāhula + mātar	mahākhandhako, rāhulavatthu		rāhula					atha kho <b>rāhulamātā</b> devī rāhulaṃ kumāraṃ etad'avoca, eso te, rāhula, pitā. gacchassu, dāyajjaṃ yācāhī'ti.		mātar fem	rāhulamātar	Rāhula’s mother						fem, comp								chaṭṭhī tappurisa							rāhul<b>assa</b> + mātar		
2024-09-12	deva	vin3	yes	2024-09-18	79701	517869	sāmaṇerapabbajjā		śrāmaṇera + pravrajyā										VIN3.1.41		dps		fem		sāmaṇera pabbajjā	sāmaṇera + pabbajjā	mahākhandhako, rāhulavatthu		sāmaṇerapabbajj					anujānāmi, bhikkhave, imehi tīhi saraṇagamanehi <b>sāmaṇerapabbajjan</b>'ti.		ā fem	sāmaṇerapabbajjā	going forth as a novice monk; ordination of a novice						fem, comp								chaṭṭhī tappurisa							sāmaṇer<b>assa</b> + pabbajjā		
2024-09-12	deva	vin3	yes	2024-09-18	79702	527869	puttapema		putra + prema										VIN3.1.41		dps		nt		putta pema	putta + pema	mahākhandhako, rāhulavatthu		puttapem					<b>puttapemaṃ</b>, bhante, chaviṃ chindati, chaviṃ chetvā cammaṃ chindati, cammaṃ chetvā maṃsaṃ chindati, maṃsaṃ chetvā nhāruṃ chindati, nhāruṃ chetvā aṭṭhiṃ chindati, aṭṭhiṃ chetvā aṭṭhimiñjaṃ āhacca tiṭṭhati.		a nt	puttapemaṃ	affection for a son; love for a child						nt, comp								catutthī tappurisa							putt<b>āya</b> + pema		
2024-09-12	deva	vin3	yes	2024-09-18	79703	537869	sikkhāpadakathā		śikṣāpada + kathā										VIN3.1.42		dps		fem		sikkhāpada kathā	sikkhāpada + kathā	mahākhandhako, sikkhāpadakathā		sikkhāpadakath					<b>sikkhāpadakathā</b> niṭṭhitā.		ā fem	sikkhāpadakathā	discussion of training rules						fem, comp								chaṭṭhī tappurisa							sikkhāpad<b>assa</b> + kathā		
2024-09-12	deva	vin3	yes	2024-09-18	79704	547869	daṇḍakammavatthu		daṇḍa + karma + vastu										VIN3.1.43		dps		nt		daṇḍa kamma vatthu	daṇḍakamma + vatthu	mahākhandhako, daṇḍakammavatthu		daṇḍakammavatth					<b>daṇḍakammavatthu</b> niṭṭhitaṃ.		u nt	daṇḍakammavatthu	case of punishment; story of penalty						nt, comp								chaṭṭhī tappurisa							daṇḍakamm<b>assa</b> + vatthu		
2024-09-12	deva	vin3	yes	2024-09-18	79705	557869	mukhadvārika		mukha + dvāra +										VIN3.1.43		dps		adj		mukha dvāra	"mukha + dvārika
mukhadvāra + ika"	mahākhandhako, daṇḍakammavatthu		mukhadvārik					bhagavato etam'atthaṃ ārocesuṃ. na, bhikkhave, <b>mukhadvāriko</b> āhāro āvaraṇaṃ kātabbo. yo kareyya, āpatti dukkaṭassā'ti.		a adj	mukhadvārika	consuming through the mouth						adj, comp								kammadhāraya							mukha + dvārika		
2024-09-12	deva	vin3	yes	2024-09-18	79706	567869	anāpucchāvaraṇavatthu		āpṛṣṭvā + āvaraṇa + vastu										VIN3.1.44		dps		nt		anāpucchā āvaraṇa vatthu	anāpucchā + āvaraṇa + vatthu	mahākhandhako, anāpucchāvaraṇavatthu		anāpucchāvaraṇavatth					<b>anāpucchāvaraṇavatthu</b> niṭṭhitaṃ.		u nt	anāpucchāvaraṇavatthu	case of the prohibition made without having taken leave; story of the obstruction without asking permission						nt, comp								chaṭṭhī tappurisa							anāpucchāvaraṇ<b>assa</b> + vatthu		
2024-09-12	deva	vin3	yes	2024-09-18	79707	577869	apalāḷanavatthu		+ vastu										VIN3.1.45		dps		nt		apalāḷana vatthu	apalāḷana + vatthu	mahākhandhako, apalāḷanavatthu		apalāḷanavatth					<b>apalāḷanavatthu</b> niṭṭhitaṃ.		u nt	apalāḷanavatthu	case of luring away						nt, comp								chaṭṭhī tappurisa							apalāḷan<b>assa</b> + vatthu		
2024-09-12	deva	vin3	yes	2024-09-18	79708	587869	kaṇṭakasāmaṇeravatthu		kaṇṭaka + śrāmaṇera + vastu										VIN3.1.46		dps		nt		kaṇṭaka sāmaṇera vatthu	kaṇṭaka + sāmaṇera + vatthu	mahākhandhako, kaṇṭakasāmaṇeravatthu		kaṇṭakasāmaṇeravatth					<b>kaṇṭakasāmaṇeravatthu</b>		u nt	kaṇṭakasāmaṇeravatthu	case of Kaṇṭaka the novice						nt, comp								chaṭṭhī tappurisa							kaṇṭakasāmaṇer<b>assa</b> + vatthu		
2024-09-12	deva	vin3	yes	2024-09-18	79709	597869	paṇḍakavatthu		paṇḍa + vastu										VIN3.1.47		dps		nt		paṇḍaka vatthu	paṇḍaka + vatthu	mahākhandhako, paṇḍakavatthu		paṇḍakavatth					<b>paṇḍakavatthu</b>		u nt	paṇḍakavatthu	case of the paṇḍakas; story of asexuals						nt, comp								chaṭṭhī tappurisa							paṇḍak<b>assa</b> + vatthu		
2024-09-12	deva	vin3	yes	2024-09-18	79710	607869	moḷigalla											names of monks	VIN3.1.47		dps		masc				mahākhandhako, paṇḍakavatthu		moḷigall					so bhikkhūhi apasādito mahante mahante <b>moḷigalle</b> sāmaṇere upasaṅkamitvā evaṃ vadeti, etha, maṃ āvuso dūsethāti. sāmaṇerā apasādenti, nassa, paṇḍaka, vinassa, paṇḍaka, ko tayā attho'ti.		a masc	moḷigallo	name of the novice						masc																	
2024-09-12	deva	vin3	yes	2024-09-18	79711	617869	hatthibhaṇḍa		hastin + bhāṇḍa										VIN3.1.47		dps		nt		hatthī bhaṇḍa	hatthī + bhaṇḍa	mahākhandhako, paṇḍakavatthu		hatthibhaṇḍ					assosuṃ kho bhikkhū tesaṃ <b>hatthibhaṇḍānaṃ</b> assabhaṇḍānaṃ ujjhāyantānaṃ khiyyantānaṃ vipācentānaṃ.		a nt	hatthibhaṇḍaṃ	elephant-trainer; elephant keeper						nt, comp								chaṭṭhī tappurisa							hatth<b>ino</b> + bhaṇḍa		
2024-09-12	deva	vin3	yes	2024-09-18	79712	627869	assabhaṇḍa		aśva + bhāṇḍa										VIN3.1.47		dps		nt		assa1 bhaṇḍa	assa + bhaṇḍa	mahākhandhako, paṇḍakavatthu		assabhaṇḍ					assosuṃ kho bhikkhū tesaṃ hatthibhaṇḍānaṃ <b>assabhaṇḍānaṃ</b> ujjhāyantānaṃ khiyyantānaṃ vipācentānaṃ.		a nt	assabhaṇḍaṃ	groom; stableman; horse keeper						nt, comp								chaṭṭhī tappurisa							ass<b>assa</b> + bhaṇḍa		
2024-09-12	deva	vin3	yes	2024-09-18	79713	637869	theyyasaṃvāsakavatthu		steya + saṃvāsa + vastu										VIN3.1.48		dps		nt		theyya saṃvāsaka vatthu	theyyasaṃvāsaka + vatthu	mahākhandhako, theyyasaṃvāsakavatthu		theyyasaṃvāsakavatth					<b>theyyasaṃvāsakavatthu</b>		u nt	theyyasaṃvāsakavatthu	case of one who dishonestly in the community of monks; story about one who claiming status to which he has no right						nt, comp								chaṭṭhī tappurisa							theyyasaṃvāsak<b>assa</b> + vatthu		
2024-09-12	deva	vin3	yes	2024-09-18	79714	647869	yāvadatthacīvara		yāvat + artha + cīvara										VIN3.7.187		dps		nt		yāva attha2 cīvara	yāvadattha + cīvara	kathinakkhandhako, kathinānujānanā		yāvadatthacīvar					atthatakathinānaṃ vo, bhikkhave, pañca kappissanti, anāmantacāro, asamādānacāro, gaṇabhojanaṃ, <b>yāvadatthacīvaraṃ</b>, yo ca tattha cīvaruppādo so n'esaṃ bhavissatī'ti.		a nt	yāvadatthacīvaraṃ	the amount of robe-cloth one wants; as many robes as one needs; as much cloth as one needs						nt, comp								kammadhāraya							yāvadattha + cīvara		
2024-09-16	deva	neg	yes	2024-10-16	79872	657869	amarituṃ	neg	na + martum [mṛ]			marituṃ				√mar			SN47.20		dps		inf	trans	marituṃ	"na > a + √mar + ituṃ
na + marituṃ"	satipaṭṭhānasaṃyuttaṃ, janapadakalyāṇīsuttaṃ		-			+acc		atha puriso āgaccheyya jīvitu'kāmo <b>amaritu</b>'kāmo sukhakāmo dukkhappaṭikūlo.			amarituṃ	not to die						inf of na marati		√mar										marati		a			
2024-09-18	deva	sn	yes	2024-10-16	79873	89645	apatitthīna	neg	na + prati + styāna			patitthīna				√thī			SN46.6		dps		pp		patitthīna	"na > a + pati + √thī + na
na + patitthīna"	bojjhaṅgasaṃyuttaṃ, kuṇḍaliyasuttaṃ		apatitthīn				kita	cakkhunā kho pan'eva rūpaṃ disvā amanāpaṃ na maṅku hoti <b>apatitthīna</b>citto adīnamānaso abyāpannacetaso.		a pp	apatitthīna	not resistant; not opposed		na				pp of na patiṭṭhiyati	not stiffened	pati √thī						kammadhāraya				patiṭṭhiyati		a	na + patitthīna		
2024-09-19	deva	vin3	yes	2024-10-16	79874	99645	cīvaruppāda		cīvara + utpāda										VIN3.7.187		dps		masc		cīvara uppāda	cīvara + uppāda	kathinakkhandhako, kathinānujānanā		cīvaruppād					atthatakathinānaṃ vo, bhikkhave, pañca kappissanti, anāmantacāro, asamādānacāro, gaṇabhojanaṃ, yāvadatthacīvaraṃ, yo ca tattha <b>cīvaruppādo</b> so n'esaṃ bhavissatī'ti.		a masc	cīvaruppādo	whatever robe-cloth is given						masc, comp								kammadhāraya							cīvara + uppāda		
2024-09-19	deva	vin3	yes	2024-10-16	79875	109645	attharitabba		[āstṛ]							√thar			VIN3.7.187		dps		ptp			ā + √thar + itabba	kathinakkhandhako, kathinānujānanā		attharitabb				kicca	atthatakathinānaṃ vo, bhikkhave, imāni pañca kappissanti. evañ'ca pana, bhikkhave, kathinaṃ <b>attharitabbaṃ</b>.		a ptp	attharitabba	should be spread; can be laid out		itabba				ptp of attharati	to be expanded	ā √thar	āth > atth									attharati		a			
2024-09-19	deva	vin3	yes	2024-10-16	79876	119645	ullikhitamatta		ullikhita + mātra										VIN3.7.187		dps		adj		ullikhita mattā	ullikhita + matta	kathinakkhandhako, kathinānujānanā		ullikhitamatt					na <b>ullikhitamattena</b> atthataṃ hoti kathinaṃ, na dhovanamattena atthataṃ hoti kathinaṃ, na cīvaravicāraṇamattena atthataṃ hoti kathinaṃ		a adj	ullikhitamatta	simply by taking the measure; merely by measuring; if only a measure is taken						adj, comp								kammadhāraya							ullikhita + matta		
2024-09-19	deva	vin3	yes	2024-10-16	79877	129645	dhovanamatta		dhovana + mātra										VIN3.7.187		dps		adj		dhovana mattā	dhovana + matta	kathinakkhandhako, kathinānujānanā		dhovanamatt					na ullikhitamattena atthataṃ hoti kathinaṃ, na <b>dhovanamattena</b> atthataṃ hoti kathinaṃ, na cīvaravicāraṇamattena atthataṃ hoti kathinaṃ, na chedanamattena atthataṃ hoti kathinaṃ		a adj	dhovanamatta	simply by cleaning; merely by washing; if it is only washed						adj, comp								kammadhāraya							dhovana + matta		
2024-09-19	deva	vin3	yes	2024-10-16	79878	139645	cīvaravicāraṇamatta		cīvara + vicāraṇa + mātra										VIN3.7.187		dps		adj		cīvara vicāraṇa mattā	cīvaravicāraṇa + matta	kathinakkhandhako, kathinānujānanā		cīvaravicāraṇamatt					na ullikhitamattena atthataṃ hoti kathinaṃ, na dhovanamattena atthataṃ hoti kathinaṃ, na <b>cīvaravicāraṇamattena</b> atthataṃ hoti kathinaṃ, na chedanamattena atthataṃ hoti kathinaṃ		a adj	cīvaravicāraṇamatta	simply by arranging robe-cloth; merely by arranging the robe-cloth; if the clth is only layed out						adj, comp								kammadhāraya							cīvaravicāraṇa + matta		
2024-09-19	deva	vin3	yes	2024-10-16	79879	149645	chedanamatta		chedana + mātra										VIN3.7.187		dps		adj		chedana mattā	chedana + matta	kathinakkhandhako, kathinānujānanā		chedanamatt					na ullikhitamattena atthataṃ hoti kathinaṃ, na dhovanamattena atthataṃ hoti kathinaṃ, na cīvaravicāraṇamattena atthataṃ hoti kathinaṃ, na <b>chedanamattena</b> atthataṃ hoti kathinaṃ		a adj	chedanamatta	simply by cutting; merely by cutting; only if it is cut						adj, comp								kammadhāraya							chedana + matta		
2024-09-19	deva	vin3	yes	2024-10-16	79880	159645	bandhanamatta		bandhana + mātra										VIN3.7.187		dps		adj		bandhana mattā	bandhana + matta	kathinakkhandhako, kathinānujānanā		bandhanamatt					na cīvaravicāraṇamattena atthataṃ hoti kathinaṃ, na chedanamattena atthataṃ hoti kathinaṃ, na <b>bandhanamattena</b> atthataṃ hoti kathinaṃ, na ovaṭṭiyakaraṇamattena atthataṃ hoti kathinaṃ		a adj	bandhanamatta	simply by attaching; merely by joining; if pieces are only attached						adj, comp								kammadhāraya							bandhana + matta		
2024-09-19	deva	vin3	yes	2024-10-16	79881	169645	ovaṭṭiyakaraṇamatta		+ karaṇa + mātra										VIN3.7.187		dps		adj		ovaṭṭiyā karaṇa mattā	ovaṭṭiyā + karaṇa + matta	kathinakkhandhako, kathinānujānanā		ovaṭṭiyakaraṇamatt					na <b>ovaṭṭiyakaraṇamattena</b> atthataṃ hoti kathinaṃ, na kaṇḍusakaraṇamattena atthataṃ hoti kathinaṃ, na daḷhīkammakaraṇamattena atthataṃ hoti kathinaṃ		a adj	ovaṭṭiyakaraṇamatta	simply by folding a seam; merely by making a seam; if only a seam is made						adj, comp								kammadhāraya							ovaṭṭiyakaraṇa + matta		
2024-09-19	deva	vin3	yes	2024-10-16	79882	179645	kaṇḍusakaraṇamatta		+ karaṇa + mātra										VIN3.7.187		dps		adj		kaṇḍusa karaṇa mattā	kaṇḍusa + karaṇa + matta	kathinakkhandhako, kathinānujānanā		kaṇḍusakaraṇamatt					na ovaṭṭiyakaraṇamattena atthataṃ hoti kathinaṃ, na <b>kaṇḍusakaraṇamattena</b> atthataṃ hoti kathinaṃ, na daḷhīkammakaraṇamattena atthataṃ hoti kathinaṃ		a adj	kaṇḍusakaraṇamatta	simply by marking; merely by making a mark; if it is only marked						adj, comp								kammadhāraya							kaṇḍusakaraṇa + matta		
2024-09-19	deva	vin3	yes	2024-10-16	79883	189645	kaṇḍusa		kaṇḍū +							√kaṇḍ			VIN3.7.187		dps		nt			"√kaṇḍ + u + sa
kaṇḍu + sa"	kathinakkhandhako, kathinānujānanā		kaṇḍus				taddhita	na bandhanamattena atthataṃ hoti kathinaṃ, na ovaṭṭiyakaraṇamattena atthataṃ hoti kathinaṃ, na <b>kaṇḍusa</b>karaṇamattena atthataṃ hoti kathinaṃ		a nt	kaṇḍusaṃ	strip of cloth used to mark the kaṭhina robe		sa				nt		√kaṇḍ												*e			
2024-09-19	deva	vin3	yes	2024-10-16	79884	199645	daḷhīkammakaraṇamatta		dṛlha + karman + karaṇa + mātra										VIN3.7.187		dps		adj		daḷhī kamma karaṇa mattā	daḷhīkamma + karaṇa + matta	kathinakkhandhako, kathinānujānanā		daḷhīkammakaraṇamatt					na kaṇḍusakaraṇamattena atthataṃ hoti kathinaṃ, na <b>daḷhīkammakaraṇamattena</b> atthataṃ hoti kathinaṃ, na anuvātakaraṇamattena atthataṃ hoti kathinaṃ		a adj	daḷhīkammakaraṇamatta	simply by strengthening; merely by strengthening; if it is only stiffened						adj, comp								kammadhāraya							daḷhīkammakaraṇa + matta		
2024-09-19	deva	vin3	yes	2024-10-16	79885	209645	anuvātakaraṇamatta		anuvāta + karaṇa + mātra										VIN3.7.187		dps		adj		anuvāta karaṇa mattā	anuvāta + karaṇa + matta	kathinakkhandhako, kathinānujānanā		anuvātakaraṇamatt					na <b>anuvātakaraṇamattena</b> atthataṃ hoti kathinaṃ, na paribhaṇḍakaraṇamattena atthataṃ hoti kathinaṃ, na ovaddheyyakaraṇamattena atthataṃ hoti kathinaṃ		a adj	anuvātakaraṇamatta	merely by adding a side boarder; simply by attaching a vertical boarder; if only a side boarder is added						adj, comp								kammadhāraya							anuvātakaraṇa + matta		
2024-09-19	deva	vin3	yes	2024-10-16	79886	219645	paribhaṇḍakaraṇamatta		pariṣaṇḍa + karaṇa + mātra										VIN3.7.187		dps		adj		paribhaṇḍa karaṇa mattā	paribhaṇḍa + karaṇa + matta	kathinakkhandhako, kathinānujānanā		paribhaṇḍakaraṇamatt					na anuvātakaraṇamattena atthataṃ hoti kathinaṃ, na <b>paribhaṇḍakaraṇamattena</b> atthataṃ hoti kathinaṃ, na ovaddheyyakaraṇamattena atthataṃ hoti kathinaṃ		a adj	paribhaṇḍakaraṇamatta	simply by attaching a horizontal boarder; merely by adding a top or bottom boarder; if only a horizontal boarder is added						adj, comp								kammadhāraya							paribhaṇḍakaraṇa + matta		
2024-09-19	deva	vin3	yes	2024-10-16	79887	229645	ovaddheyyakaraṇamatta		+ karaṇa + mātra matta mṛṣṭa										VIN3.7.187		dps		adj		ovaddheyya karaṇa mattā	ovaddheyya + karaṇa + matta	kathinakkhandhako, kathinānujānanā		ovaddheyyakaraṇamatt					na paribhaṇḍakaraṇamattena atthataṃ hoti kathinaṃ, na <b>ovaddheyyakaraṇamattena</b> atthataṃ hoti kathinaṃ, na kambalamaddanamattena atthataṃ hoti kathinaṃ		a adj	ovaddheyyakaraṇamatta	simply by patching; merely by adding a patch; if only a patch is added						adj, comp								kammadhāraya							ovaddheyyakaraṇa + matta		
2024-09-19	deva	vin3	yes	2024-10-16	79888	239645	kambalamaddanamatta		kambala + mardana + mātra										VIN3.7.187		dps		adj		kambala maddana mattā	kambala + maddana + matta	kathinakkhandhako, kathinānujānanā		kambalamaddanamatt					na ovaddheyyakaraṇamattena atthataṃ hoti kathinaṃ, na <b>kambalamaddanamattena</b> atthataṃ hoti kathinaṃ, na nimittakatena atthataṃ hoti kathinaṃ		a adj	kambalamaddanamatta	simply by dying; merely by washing a cloth in dye						adj, comp	threshing a woolen cloth							kammadhāraya							kambalamaddana + matta		
2024-09-19	deva	vin3	yes	2024-10-16	79889	249645	nimittakata		nimitta + kṛta										VIN3.7.187		dps		adj		nimitta kata	nimitta + kata	kathinakkhandhako, kathinānujānanā		nimittakat					na kambalamaddanamattena atthataṃ hoti kathinaṃ, na <b>nimittakatena</b> atthataṃ hoti kathinaṃ, na parikathākatena atthataṃ hoti kathinaṃ		a adj	nimittakata	an indication (that) has been made; something pointed out						adj, comp								dutiyā tappurisa							nimitt<b>aṃ</b> + kata		
2024-09-19	deva	vin3	yes	2024-10-16	79890	259645	parikathākata		[parikath] + kṛta										VIN3.7.187		dps		adj		parikathā kata	parikathā + kata	kathinakkhandhako, kathinānujānanā		parikathākat					na nimittakatena atthataṃ hoti kathinaṃ, na <b>parikathākatena</b> atthataṃ hoti kathinaṃ, na kukkukatena atthataṃ hoti kathinaṃ		a adj	parikathākata	hinting; making a suggestion						adj, comp								dutiyā tappurisa							parikath<b>aṃ</b> + kata		
2024-09-19	deva	vin3	yes	2024-10-16	79891	269645	atirekapañcaka		atireka + pañcaka										VIN3.7.187		dps		adj		atireka pañcaka	atireka + pañcaka	kathinakkhandhako, kathinānujānanā		atirekapañc					na aññatra antaravāsakena atthataṃ hoti kathinaṃ, na aññatra pañcakena vā <b>atirekapañcakena</b> vā tadah'eva sañchinnena samaṇḍalīkatena atthataṃ hoti kathinaṃ		aka adj	atirekapañcaka	five or more; at least five; in a group of more then five						adj, comp								kammadhāraya							atireka + pañcaka		
2024-09-19	deva	vin3	yes	2024-10-16	79892	279645	samaṇḍalīkata		sa + maṇḍala + kṛta										VIN3.7.187		dps		adj		sa maṇḍala kata	sa + maṇḍala + kata	kathinakkhandhako, kathinānujānanā		samaṇḍalīkat					na aññatra pañcakena vā atirekapañcakena vā tadah'eva sañchinnena <b>samaṇḍalīkatena</b> atthataṃ hoti kathinaṃ, na aññatra puggalassa atthārā atthataṃ hoti kathinaṃ		a adj	samaṇḍalīkata	hemmed; with the border around						adj, comp								dutiyā tappurisa							samaṇḍal<b>aṃ</b> + kata		
2024-09-19	deva	vin3	yes	2024-10-16	79893	289645	nissīmaṭṭha		nis + sīmā + stha										VIN3.7.187		dps		adj		sīmā ṭha	nissīmā + ṭha	kathinakkhandhako, kathinānujānanā		nissīmaṭṭh					na aññatra puggalassa atthārā atthataṃ hoti kathinaṃ, sammā c'eva atthataṃ hoti kathinaṃ, tañ'ce <b>nissīmaṭṭho</b> anumodati, evam'pi anatthataṃ hoti kathinaṃ.		a adj	nissīmaṭṭha	outside a boundary; standing outside						adj, comp								kammadhāraya							nissīmā + ṭha		
2024-09-19	deva	vin3	yes	2024-10-16	79894	299645	ahatakappa		ahata + kalpa										VIN3.7.187		dps		adj		ahata kappa	ahata + kappa	kathinakkhandhako, kathinānujānanā		ahatakapp					ahatena atthataṃ hoti kathinaṃ, <b>ahatakappena</b> atthataṃ hoti kathinaṃ, pilotikāya atthataṃ hoti kathinaṃ, paṃsukūlena atthataṃ hoti kathinaṃ, pāpaṇikena atthataṃ hoti kathinaṃ, animittakatena atthataṃ hoti kathinaṃ		a adj	ahatakappa	brand new						adj, comp	clean and suitable							dvanda							ahata <b>ca</b> kappa <b>ca</b>		
2024-09-19	deva	vin3	yes	2024-10-16	79895	309645	animittakata	neg	na + nimitta + kṛta			nimittakata							VIN3.7.187		dps		adj		nimitta kata	na > a + nimitta + kata	kathinakkhandhako, kathinānujānanā		animittakat					paṃsukūlena atthataṃ hoti kathinaṃ, pāpaṇikena atthataṃ hoti kathinaṃ, <b>animittakatena</b> atthataṃ hoti kathinaṃ, aparikathākatena atthataṃ hoti kathinaṃ, akukkukatena atthataṃ hoti kathinaṃ		a adj	animittakata	unmarked; without a marking						adj, comp								dutiyā tappurisa							nanimitt<b>aṃ</b> + kata		
2024-09-19	deva	vin3	yes	2024-10-16	79896	319645	asannidhikata	neg	na + saṃnidhi + kṛta			sannidhikata							VIN3.7.187		dps		adj		sannidhi kata	na > a + sannidhi + kata	kathinakkhandhako, kathinānujānanā		asannidhikat					akukkukatena atthataṃ hoti kathinaṃ, <b>asannidhikatena</b> atthataṃ hoti kathinaṃ, anissaggiyena atthataṃ hoti kathinaṃ, kappakatena atthataṃ hoti kathinaṃ		a adj	asannidhikata	is not stored; has been received recently						adj, comp								dutiyā tappurisa							asannidh<b>iṃ</b> + kata		
2024-09-19	deva	vin3	yes	2024-10-16	79897	329645	pakkamanantika		prakramaṇa + antika										VIN3.7.187		dps		adj		pakkamana anta	pakkamana + antika	kathinakkhandhako, kathinānujānanā		pakkamanantik					aṭṭhimā, bhikkhave, mātikā kathinassa ubbhārāya, <b>pakkaman'antikā</b>, niṭṭhān'antikā, sanniṭṭhān'antikā, nāsanantikā, savan'antikā, āsāvacchedikā, sīm'ātikkantikā, sahubbhārā'ti.		a adj	pakkamanantika	ending with departing; concluding with leaving						adj, comp								tatiyā tappurisa							pakkaman<b>ena</b> + antika		
2024-09-19	deva	vin3	yes	2024-10-16	79898	339645	sanniṭṭhānantika		saṃ + ni + sthāna + antika										VIN3.7.187		dps		adj		sanniṭṭhāna anta	saniṭṭhāna + antikā	kathinakkhandhako, kathinānujānanā		sanniṭṭhānantik					aṭṭhimā, bhikkhave, mātikā kathinassa ubbhārāya, pakkaman'antikā, niṭṭhān'antikā, <b>sanniṭṭhān'antikā</b>, nāsanantikā, savan'antikā, āsāvacchedikā, sīm'ātikkantikā, sahubbhārā'ti.		a adj	sanniṭṭhānantika	concluded with the end; finished with the last day (of robe season)						adj, comp								tatiyā tappurisa							saniṭṭhān<b>ena</b> + antikā		
2024-09-19	deva	vin3	yes	2024-10-16	79899	349645	nāsanantika		nāśana + antika										VIN3.7.187		dps		adj		nāsana anta	nāsana + antika	kathinakkhandhako, kathinānujānanā		nāsanantik					aṭṭhimā, bhikkhave, mātikā kathinassa ubbhārāya, pakkaman'antikā, niṭṭhān'antikā, sanniṭṭhān'antikā, <b>nāsan'antikā</b>, savan'antikā, āsāvacchedikā, sīm'ātikkantikā, sahubbhārā'ti.		a adj	nāsanantika	concluding with the lost; ending with the destruction (of the robe-cloth)						adj, comp								tatiyā tappurisa							nāsan<b>ena</b> + antika		
2024-09-19	deva	vin3	yes	2024-10-16	79900	359645	savanantika		śravaṇa + antika										VIN3.7.187		dps		adj		savana anta	savana + antika	kathinakkhandhako, kathinānujānanā		savanantik					aṭṭhimā, bhikkhave, mātikā kathinassa ubbhārāya, pakkaman'antikā, niṭṭhān'antikā, sanniṭṭhān'antikā, nāsan'antikā, <b>savan'antikā</b>, āsāvacchedikā, sīm'ātikkantikā, sahubbhārā'ti.		a adj	savanantika	concluding with the hearing; ending with the information (about end of the robe season)						adj, comp								tatiyā tappurisa							savan<b>ena</b> + antika		
2024-09-19	deva	vin3	yes	2024-10-16	79901	369645	atikkantikā		atikrānta +							√kam 1			VIN3.7.187		dps		fem			"ati + √kam + ta + ikā
atikkanta + ikā"	kathinakkhandhako, kathinānujānanā		atikkantik				taddhita	aṭṭhimā, bhikkhave, mātikā kathinassa ubbhārāya, pakkaman'antikā, niṭṭhān'antikā, sanniṭṭhān'antikā, nāsan'antikā, savan'antikā, āsāvacchedikā, sīm'<b>ātikkantikā</b>, sahubbhārā'ti.		ā fem	atikkantikā	transgressing; overstepping the bounds		ikā				fem, from atikkamati	going too far	ati √kam	mt > nt									atikkamati		a			
2024-09-19	deva	vin3	yes	2024-10-16	79902	379645	sīmātikkantika		sīmā + atikrānta +										VIN3.7.187		dps		adj		sīmā atikkantika	sīmā + atikkantikā	kathinakkhandhako, kathinānujānanā		sīmātikkantik					aṭṭhimā, bhikkhave, mātikā kathinassa ubbhārāya, pakkaman'antikā, niṭṭhān'antikā, sanniṭṭhān'antikā, nāsan'antikā, savan'antikā, āsāvacchedikā, <b>sīm'ātikkantikā</b>, sahubbhārā'ti.		a adj	sīmātikkantika	being outside the boundary; going beyond the (monastery) zone						adj, comp								dutiyā tappurisa							sīm<b>aṃ</b> + atikkantikā		
2024-09-19	deva	vin3	yes	2024-10-16	79903	389645	sahubbhāra		saha + uddhāra										VIN3.7.187		dps		adj		saha1 ubbhāra	saha + ubbhāra	kathinakkhandhako, kathinānujānanā		sahubbhār					aṭṭhimā, bhikkhave, mātikā kathinassa ubbhārāya, pakkaman'antikā, niṭṭhān'antikā, sanniṭṭhān'antikā, nāsan'antikā, savan'antikā, āsāvacchedikā, sīm'ātikkantikā, <b>sahubbhārā</b>'ti.		a adj	sahubbhāra	ending together; finishing in common						adj, comp								kammadhāraya							saha + ubbhāra		
2024-09-19	deva	vin3	yes	2024-10-16	79904	399645	saubbhāra		sa + uddhāra							√bhar			VIN3.7.187		dps		adj			sa + ud + √bhar > bhār + *a	kathinakkhandhako, kathinānujānanā		saubbhār				kita	aṭṭhimā, bhikkhave, mātikā kathinassa ubbhārāya, pakkaman'antikā, niṭṭhān'antikā, sanniṭṭhān'antikā, nāsan'antikā, savan'antikā, āsāvacchedikā, sīm'ātikkantikā, <b>saubbhārā</b>'ti.		a adj	saubbhāra	ending together; finishing with (another)		*a				adj, from ubbhāra		ud √bhar	a > ā									ubbhāra		a			
2024-09-26	deva	vin3	yes	2024-10-16	79905	409645	ādāyasattaka		ādāya + saptaka										VIN3.7.188		dps		nt		ādāya satta	ādāya + sattaka	kathinakkhandhako, ādāyasattakaṃ		ādāyasattak					<b>ādāyasattakaṃ</b> niṭṭhitaṃ.		a nt	ādāyasattakaṃ	"group of seven with ""takes"""						nt, comp								kammadhāraya							ādāya + sattaka		
2024-09-26	deva	vin3	yes	2024-10-16	79906	419645	katacīvara 2		kṛta + cīvara										VIN3.7.188		dps		nt		kata cīvara	kata + cīvara	kathinakkhandhako, ādāyasattakaṃ		katacīvar					bhikkhu atthatakathino <b>katacīvaraṃ</b> ādāya pakkamati, na paccessan'ti. tassa bhikkhuno pakkamanantiko kathin'uddhāro.		a nt	katacīvaraṃ	finished robe; completed robe; made robe						nt, comp								kammadhāraya							kata + cīvara		
2024-09-26	deva	vin3	yes	2024-10-16	79907	429645	bahisīmagata		bahis + sīmā + gata										VIN3.7.188		dps		adj		bahi sīmā gata	bahi + sīmā + gata	kathinakkhandhako, ādāyasattakaṃ		bahisīmagat					bhikkhu atthatakathino cīvaraṃ ādāya pakkamati. tassa <b>bahisīmagatassa</b> evaṃ hoti, idh'ev'imaṃ cīvaraṃ kāressaṃ, na paccessan'ti. so taṃ cīvaraṃ kāreti.		a adj	bahisīmagata	passed beyond the boundary; gone outside the zone; outside the limit (of the monastery)						adj, comp								dutiyā tappurisa							bahisīm<b>aṃ</b> + gata		
2024-09-26	deva	vin3	yes	2024-10-16	79908	439645	nevimaṃ	neg	na + eva + evam + imam	na eva imaṃ									VIN3.7.188		dps		sandhi			na + eva + imaṃ	kathinakkhandhako, ādāyasattakaṃ		-					bhikkhu atthatakathino cīvaraṃ ādāya pakkamati. tassa bahisīmagatassa evaṃ hoti, <b>n'ev'imaṃ</b> cīvaraṃ kāressaṃ, na paccessan'ti. tassa bhikkhuno sanniṭṭhānantiko kathin'uddhāro.			nevimaṃ	not even this						sandhi, ind + ind + pron																	
2024-09-26	deva	vin3	yes	2024-10-16	79909	449645	samādāyasattaka		samādāya + saptaka										VIN3.7.189		dps		nt		samādāya satta	samādāya + sattaka	kathinakkhandhako, samādāyasattakaṃ		samādāyasattak					<b>samādāyasattakaṃ</b> niṭṭhitaṃ.		a nt	samādāyasattakaṃ	group of seven on “with”						nt, comp								kammadhāraya							samādāya + sattaka		
2024-09-26	deva	vin3	yes	2024-10-16	79910	459645	ādāyachakka		ādāya + ṣaṭka										VIN3.7.190		dps		nt		ādāya cha	ādāya + chakka	kathinakkhandhako, ādāyachakkaṃ		ādāyachakk					<b>ādāyachakkaṃ</b> niṭṭhitaṃ.		a nt	ādāyachakkaṃ	group of six on “takes”						nt, comp								kammadhāraya							ādāya + chakka		
2024-09-26	deva	vin3	yes	2024-10-16	79911	469645	vippakatacīvara		viprakṛta + cīvara										VIN3.7.190		dps		nt		vippakata cīvara	vippakata + cīvara	kathinakkhandhako, ādāyachakkaṃ		vippakatacīvar					bhikkhu atthatakathino <b>vippakatacīvaraṃ</b> ādāya pakkamati. tassa bahisīmagatassa evaṃ hoti, idh'ev'imaṃ cīvaraṃ kāressaṃ, na paccessan'ti.		a nt	vippakatacīvaraṃ	unfinished robe-cloth						nt, comp								kammadhāraya							vippakata + cīvara		
2024-09-26	deva	vin3	yes	2024-10-16	79912	479645	samādāyachakka		samādāya + ṣaṭka										VIN3.7.191		dps		nt		samādāya cha	samādāya + chakka	kathinakkhandhako, samādāyachakkaṃ		samādāyachakk					<b>samādāyachakkaṃ</b> niṭṭhitaṃ.		a nt	samādāyachakkaṃ	group of six on “with”						nt, comp								kammadhāraya							samādāya + chakka		
2024-09-26	deva	vin3	yes	2024-10-16	79913	489645	ādāyapannarasaka		ādāya + pañcadaśa +										VIN3.7.192		dps		nt		ādāya paṇṇarasa	ādāya + pannarasaka	kathinakkhandhako, ādāyapannarasakaṃ		ādāyapannarasak					<b>ādāyapannarasakaṃ</b> niṭṭhitaṃ.		a nt	ādāyapannarasakaṃ	"group of fifteen on ""taking"""						nt, comp								kammadhāraya							ādāya + pannarasaka		
2024-09-26	deva	vin3	yes	2024-10-16	79914	499645	samādāyapannarasaka		samādāya + pañcadaśa +										VIN3.7.193		dps		nt		samādāya paṇṇarasa	samādāya + pannarasaka	kathinakkhandhako, samādāyapannarasakādi		samādāyapannarasak					<b>samādāyapannarasak</b>'ādi niṭṭhitā.		a nt	samādāyapannarasakaṃ	group of fifteen on “with”						nt, comp								kammadhāraya							samādāya + pannarasaka		
2024-09-28	deva	vin3	yes	2024-10-16	79915	509645	vippakatasamādāyapannarasaka		viprakṛta + samādāya + pañcadaśa										VIN3.7.194		dps		nt		vippakata samādāya paṇṇarasa	vippakata + samādāya + pannarasaka	kathinakkhandhako, vippakatasamādāyapannarasakaṃ		vippakatasamādāyapannarasak					<b>vippakatasamādāyapannarasakaṃ</b> niṭṭhitaṃ.		a nt	vippakatasamādāyapannarasakaṃ	group of fifteen on “with an unfinished”; group of fifteen on “with an incorrect”						nt, comp								kammadhāraya							vippakatasamādāya + pannarasaka		
2024-09-28	deva	vin3	yes	2024-10-16	79916	519645	ādāyabhāṇavāra		ādāya + bhāṇa + vāra										VIN3.7.194		dps		masc		ādāya bhāṇavāra	ādāya + bhāṇavāra	kathinakkhandhako, vippakatasamādāyapannarasakaṃ		ādāyabhāṇavār					<b>ādāyabhāṇavāro</b>.		a masc	ādāyabhāṇavāro	section for recitation on “takes”						masc, comp								kammadhāraya							ādāya + bhāṇavāra		
2024-09-28	deva	vin3	yes	2024-10-16	79917	529645	anāsādoḷasaka		anāśa + dvādaśa +										VIN3.7.195		dps		nt		anāsa doḷasaka	anāsa + doḷasaka	kathinakkhandhako, anāsādoḷasakaṃ		anāsādoḷasak					<b>anāsādoḷasakaṃ</b> niṭṭhitaṃ.		a nt	anāsādoḷasakaṃ	set of twelve on “not as expected”						nt, comp								kammadhāraya							anāsa + doḷasaka		
2024-09-28	deva	vin3	yes	2024-10-16	79918	539645	karaṇīyadoḷasaka		karaṇīya + dvādaśa +										VIN3.7.197		dps		nt		karaṇīya doḷasaka	karaṇīya + doḷasakaṃ	kathinakkhandhako, karaṇīyadoḷasakaṃ		karaṇīyadoḷasak					<b>karaṇīyadoḷasakaṃ</b> niṭṭhitaṃ.		a nt	karaṇīyadoḷasakaṃ	group of twelve on “business”						nt, comp								kammadhāraya							karaṇīya + doḷasakaṃ		
2024-09-28	deva	vin3	yes	2024-10-16	79919	549645	phāsuvihārapañcaka		sparśavihāra + pañcaka										VIN3.7.199		dps		nt		phāsu vihāra pañcaka	phāsuvihāra + pañcaka	kathinakkhandhako, phāsuvihārapañcakaṃ		phāsuvihārapañcak					<b>phāsuvihārapañcakaṃ</b> niṭṭhitaṃ.		a nt	phāsuvihārapañcakaṃ	group of five on “meditation going well”						nt, comp								kammadhāraya							phāsuvihāra + pañcaka		
2024-09-28	deva	vin3	yes	2024-10-16	79920	559645	phāsuvihārika		sparśa + vihāra +										VIN3.7.199		dps		adj		phāsu vihāra	"phāsu + vihārika
phāsuvihāra + ika"	kathinakkhandhako, phāsuvihārapañcakaṃ		phāsuvihārik				taddhita	bhikkhu atthatakathino <b>phāsuvihāriko</b> cīvaraṃ ādāya pakkamati, amukaṃ nāma āvāsaṃ gamissāmi, tattha me phāsu bhavissati vasissāmi, no ce me phāsu bhavissati		a adj	phāsuvihārika	pleasantly abiding; living in comfort; whose meditation is going well		ika				adj, comp								kammadhāraya							phāsu + vihārika		
2024-09-28	deva	vin3	yes	2024-10-16	79921	569645	palibodhāpalibodhakathā		parirodha + na + parirodha + kathā										VIN3.7.200		dps		fem		palibodha kathā	palibodhā + palibodha + kathā	kathinakkhandhako, palibodhāpalibodhakathā		palibodhāpalibodhakath					<b>palibodhāpalibodhakathā</b> niṭṭhitā.		ā fem	palibodhāpalibodhakathā	discussion on obstacles and removal of obstacles						fem, comp								chaṭṭhī tappurisa							palibodhāpalibodh<b>assa</b> + kathā		
2024-09-28	deva	vin3	yes	2024-10-16	79922	579645	āvāsapalibodha		āvāsa + parirodha										VIN3.7.200		dps		masc		āvāsa palibodha	āvāsa + palibodha	kathinakkhandhako, palibodhāpalibodhakathā		āvāsapalibodh					idha, bhikkhave, bhikkhu vasati vā tasmiṃ āvāse, sāpekkho vā pakkamati paccessan'ti. evaṃ kho, bhikkhave, <b>āvāsapalibodho</b> hoti. kathañ'ca, bhikkhave, cīvarapalibodho hoti?		a masc	āvāsapalibodho	monastery obstacle (for completing the kathīna)						masc, comp								kammadhāraya							āvāsa + palibodha		
2024-09-28	deva	vin3	yes	2024-10-16	79923	589645	cīvarapalibodha		cīvara + parirodha										VIN3.7.200		dps		masc		cīvara palibodha	cīvara + palibodha	kathinakkhandhako, palibodhāpalibodhakathā		cīvarapalibodh					idha, bhikkhave, bhikkhuno cīvaraṃ akataṃ vā hoti vippakataṃ vā, cīvar'āsā vā anupacchinnā. evaṃ kho, bhikkhave, <b>cīvarapalibodho</b> hoti.		a masc	cīvarapalibodho	robe cloth obstacle (for completing the kathīna); (kathīna) obstruction based on robe-cloth						masc, comp								kammadhāraya							cīvara + palibodha		
2024-10-03	deva	vin3	yes	2024-10-16	79924	599645	palibodhāpalibodha		parirodha + na + parirodha										VIN3.7.201		dps		masc		palibodha	palibodha + apalibodha	kathinakkhandhako, tassuddānaṃ		palibodhāpalibodh					"apavilānā navettha,
phāsu pañcavidhā tahiṃ,
<b>palibodh'āpalibodhā</b>,
uddānaṃ nayato katan'ti."		a masc	palibodhāpalibodho	obstacles and removal of obstacles						masc, comp								dvanda							palibodha <b>ca</b> apalibodha <b>ca</b>		
2024-10-03	deva	vin3	yes	2024-10-16	79925	609645	doḷasakapeyyālamukha		dvādaśa + paryāya + mukha										VIN3.7.201		dps		nt		doḷasa peyyāla mukha	doḷasaka + peyyālamukha	kathinakkhandhako, tassuddānaṃ		doḷasakapeyyālamukh					imamhi khandhake vatthū <b>doḷasakapeyyālamukhāni</b> ekasataṃ aṭṭhārasa.		a nt	doḷasakapeyyālamukhaṃ	groups of twelve with repetition; repeated sections of twelve items						nt, comp								kammadhāraya							doḷasaka + peyyālamukha		
2024-10-03	deva	vin3	yes	2024-10-16	79926	619645	cīvarakkhandhaka		cīvara + skandhaka										VIN3.8.232		dps		masc		cīvara khandhaka	cīvara + khandhaka	cīvarakkhandhako, aṭṭhacīvaramātikā		cīvarakkhandhak					<b>cīvarakkhandhako</b> aṭṭhamo.		a masc	cīvarakkhandhako	chapter on robes; robe-cloth chapter						masc, comp								chaṭṭhī tappurisa							cīvar<b>assa</b> + khandhaka		
2024-10-03	deva	vin3	yes	2024-10-16	79927	629645	jīvakavatthu		jīvaka + vastu										VIN3.8.202		dps		nt		jīvaka vatthu	jīvaka + vatthu	cīvarakkhandhako, jīvakavatthu		jīvakavatth					<b>jīvakavatthu</b> niṭṭhitaṃ.		u nt	jīvakavatthu	account of Jīvaka; story of Jīvaka						nt, comp								chaṭṭhī tappurisa							jīvak<b>assa</b> + vatthu		
2024-10-03	deva	vin3	yes	2024-10-16	79928	639645	pāsādasata		prāsāda + śata										VIN3.8.202		dps		adj		pāsāda sata2	pāsāda + sata	cīvarakkhandhako, jīvakavatthu		pāsādasat					satta ca pāsādasahassāni satta ca <b>pāsādasatāni</b> satta ca pāsāde, satta ca kūṭāgārasahassāni satta ca kūṭ'āgārasatāni satta ca kūṭāgārāni		a adj	pāsādasata	hundred mansions; palaces numbering one hundred						adj, comp								digu							pāsād<b>ā</b> + sat<b>āni</b>		
2024-10-03	deva	vin3	yes	2024-10-16	79929	649645	ārāmasahassa		ārāma + sahasra										VIN3.8.202		dps		nt		ārāma2 sahassa	ārāma + sahassa	cīvarakkhandhako, jīvakavatthu		ārāmasahass					satta ca <b>ārāmasahassāni</b> satta ca ārāmasatāni satta ca ārāme, satta ca pokkharaṇīsahassāni satta ca pokkharaṇīsatāni satta ca pokkharaṇiyo		a nt	ārāmasahassaṃ	thousand monasteries; parks numbering one thousand						nt, comp								digu							ārām<b>ā</b> + sahass<b>āni</b>		
2024-10-03	deva	vin3	yes	2024-10-16	79930	659645	ārāmasata		ārāma + śata										VIN3.8.202		dps		nt		ārāma2 sata2	ārāma + sata	cīvarakkhandhako, jīvakavatthu		ārāmasat					satta ca kūṭāgārasahassāni satta ca kūṭ'āgārasatāni satta ca kūṭāgārāni, satta ca ārāmasahassāni satta ca <b>ārāmasatāni</b> satta ca ārāme, satta ca pokkharaṇīsahassāni satta ca pokkharaṇīsatāni satta ca pokkharaṇiyo		a nt	ārāmasataṃ	hundred monasteries; parks numbering one hundred						nt, comp								digu							ārām<b>ā</b> + sat<b>āni</b>		
2024-10-03	deva	vin3	yes	2024-10-16	79931	669645	pokkharaṇīsahassa		puṣkariṇī + sahasra										VIN3.8.202		dps		nt		pokkhara sahassa	pokkharaṇī + sahassa	cīvarakkhandhako, jīvakavatthu		pokkharaṇīsahass					satta ca ārāmasahassāni satta ca ārāmasatāni satta ca ārāme, satta ca <b>pokkharaṇīsahassāni</b> satta ca pokkharaṇīsatāni satta ca pokkharaṇiyo, ambapāliñ'ca gaṇikaṃ abhirūpaṃ dassanīyaṃ pāsādikaṃ paramāya vaṇṇapokkharatāya samannāgataṃ		a nt	pokkharaṇīsahassaṃ	thousand ponds; pools numbering one thousand; thousand lotus pools						nt, comp								digu							pokkharaṇī + sahass<b>āni</b>		
2024-10-03	deva	vin3	yes	2024-10-16	79932	679645	pokkharaṇīsata		puṣkariṇī + śata										VIN3.8.202		dps		nt		pokkhara sata2	pokkharaṇī + sata	cīvarakkhandhako, jīvakavatthu		pokkharaṇīsat					satta ca ārāmasahassāni satta ca ārāmasatāni satta ca ārāme, satta ca pokkharaṇīsahassāni satta ca <b>pokkharaṇīsatāni</b> satta ca pokkharaṇiyo		a nt	pokkharaṇīsataṃ	hundred ponds; pools numbering one hundred; hundred lotus pools						nt, comp								digu							pokkharaṇī + sat<b>āni</b>		
2024-10-03	deva	vin3	yes	2024-10-16	79933	689645	asippa	neg	na + śilpa			sippa					sippa		VIN3.8.202		dps		adj			na > a + sippa	cīvarakkhandhako, jīvakavatthu		asipp					atha kho jīvakassa komārabhaccassa etadahosi, imāni kho rājakulāni na sukarāni <b>asippena</b> upajīvituṃ. yaṃnūn'āhaṃ sippaṃ sikkheyyan'ti.		a adj	asippa	without a skill; without a craft						adj, from na sippa								kammadhāraya				sippa			na + sippa		
2024-10-03	deva	vin3	yes	2024-10-16	79934	699645	upajīvituṃ		[upajīv]							√jīv			VIN3.8.202		dps		inf	trans		upa + √jīv + ituṃ	cīvarakkhandhako, jīvakavatthu		-			+acc		atha kho jīvakassa komārabhaccassa etadahosi, imāni kho rājakulāni na sukarāni asippena <b>upajīvituṃ</b>. yaṃnūn'āhaṃ sippaṃ sikkheyyan'ti.			upajīvituṃ	to make a livelihood; to sustain oneself; to take care of oneself						inf of upajīvati	lives near	upa √jīv										upajīvati		a			
2024-10-03	deva	vin3	yes	2024-10-16	79935	709645	adhīyanta		[adhī]							√i 2			VIN3.8.202		dps		prp	intrans		adhi + iya + nta	cīvarakkhandhako, jīvakavatthu		adhīy				kita	ahaṃ kho, ācariya, bahuñ'ca gaṇhāmi lahuñca gaṇhāmi suṭṭhu ca upadhāremi, gahitañca me na sammussati, satta ca me vassāni <b>adhīyantassa</b>, na'y'imassa sippassa anto paññāyati.		anta prp	adhīyanta	studying; learning it by heart	√i + a > iya	nta				prp of adhīyati		adhi √i										adhīyati		a			
2024-10-03	deva	vin3	yes	2024-10-16	79936	719645	seṭṭhibhariyāvatthu		śreṣṭhin + bhāryā + vastu										VIN3.8.203		dps		nt		seṭṭhī bhariyā vatthu	seṭṭhibhariyā + vatthu	cīvarakkhandhako, seṭṭhibhariyāvatthu		seṭṭhibhariyāvatth					<b>seṭṭhibhariyāvatthu</b> niṭṭhitaṃ.		u nt	seṭṭhibhariyāvatthu	account of the wealthy merchant’s wife; story of the wealthy wife; instance with the rich wife						nt, comp								alutta chaṭṭhī tappurisa							seṭṭhibhariy<b>assa</b> + vatthu		
2024-10-03	deva	vin3	yes	2024-10-16	79937	729645	nippacitvā		[niṣpac]							√pac			VIN3.8.203		dps		abs	trans		nī + √pac + itvā	cīvarakkhandhako, seṭṭhibhariyāvatthu		-			+acc		atha kho jīvako komārabhacco taṃ pasataṃ sappiṃ nānābhesajjehi <b>nippacitvā</b> seṭṭhibhariyaṃ mañcake uttānaṃ nipātetvā natthuto adāsi.			nippacitvā	having cooked (medicine); having brewed						abs of nippacati		nī √pac										nippacati		a			
2024-10-03	deva	vin3	yes	2024-10-16	79938	739645	vimanosi		vimanas + asi	vimana asi2									VIN3.8.203		dps		sandhi			vimano + asi	cīvarakkhandhako, seṭṭhibhariyāvatthu		-					atha kho seṭṭhibhariyā jīvakassa komārabhaccassa vikāraṃ sallakkhetvā jīvakaṃ komārabhaccaṃ etad'avoca, kissa tvaṃ, ācariya, <b>vimanosī</b>'ti?			vimanosi	you are upset; you're displeased; you're unhappy; you're downcast						sandhi, adj + pr																	
2024-10-03	deva	vin3	yes	2024-10-16	79939	749645	paṭhamakamma		prathama + karman										VIN3.8.203		dps		nt		paṭhama kamma	paṭhama + kamma	cīvarakkhandhako, seṭṭhibhariyāvatthu		paṭhamakamm					idaṃ me, deva, <b>paṭhamakammaṃ</b> soḷasasahassāni dāso ca dāsī ca assaratho ca. paṭiggaṇhātu me devo posāvanikan'ti.		a nt	paṭhamakammaṃ	first job; first action; first deed						nt, comp								kammadhāraya							paṭhama + kamma		
2024-10-03	deva	vin3	yes	2024-10-16	79940	759645	bimbisārarājavatthu		bimbisāra + rājan + vastu										VIN3.8.204		dps		nt		bimbisāra rāja vatthu	bimbisāra + rāja + vatthu	cīvarakkhandhako, bimbisārarājavatthu		bimbisārarājavatth					<b>bimbisārarājavatthu</b> niṭṭhitaṃ.		u nt	bimbisārarājavatthu	account of King Bimbisāra; story of Bimbisāra the king						nt, comp								chaṭṭhī tappurisa							bimbisārarāj<b>assa</b> + vatthu		
2024-10-03	deva	vin3	yes	2024-10-16	79941	769645	bhagandalābādha		bhagaṃdara + bādha										VIN3.6.167		dps		masc		bhaga dala ābādha	bhagandalā + bādha	bhesajjakkhandhako, satthakammapaṭikkhepakathā		bhagandalābādh					tassa, bhante, āyasmato <b>bhagandalābādho</b>, ākāsagotto vejjo satthakammaṃ karotī'ti. vigarahi buddho bhagavā, ananucchavikaṃ, bhikkhave, tassa moghapurisassa, ananulomikaṃ, appatirūpaṃ, assāmaṇakaṃ, akappiyaṃ, akaraṇīyaṃ.		a masc	bhagandalābādho	hemorrhoid; fistula; condition of swelling and bleeding of the inner thighs						masc, comp								kammadhāraya							bhagandalā + bādha		
2024-10-03	deva	vin3	yes	2024-10-16	79942	779645	sabbālaṅkāra		sarva + alaṃkāra										VIN3.8.204		dps		masc		sabba alaṅkāra	sabba + alaṅkāra	cīvarakkhandhako, bimbisārarājavatthu		sabbālaṅkār					atha kho rājā māgadho seniyo bimbisāro arogo samāno pañca itthisatāni <b>sabb'ālaṅkāraṃ</b> bhūsāpetvā omuñcāpetvā puñjaṃ kārāpetvā jīvakaṃ komārabhaccaṃ etad'avoca		a masc	sabbālaṅkāro	all jewllery; all ornaments						masc, comp								kammadhāraya							sabba + alaṅkāra		
2024-10-09	deva	sn2	yes	2024-10-16	79943	789645	maṇḍaka		maṇḍa +							√maṇḍ			SN12.66		dps		nt		maṇḍa	"√maṇḍ + a + ka
maṇḍa + ka"	sammasasuttaṃ		maṇḍak				taddhita	atha kho, bhikkhave, tassa purisassa evam'assa, sakkā kho me ayaṃ surāpipāsitā pānīyena vā vinetuṃ dadhi<b>maṇḍakena</b> vā vinetuṃ bhaṭṭhaloṇikāya.		a nt	maṇḍakaṃ	best part; cream; essence; fine extract		ka				nt, from maṇḍa		√maṇḍ										maṇḍa		a			
2024-10-21	deva	sn5	yes	2024-11-08	80184	89954	upagacchati 6		upagacchati [upagam]							√gam			SN47.9		dps		pr	trans		upa + gaccha + ti	satipaṭṭhānasaṃyuttaṃ, gilānasuttaṃ		upagacch			+acc		idh'ev'āhaṃ veḷuvagāmake vassaṃ <b>upagacchāmī</b>'ti. evaṃ, bhante'ti kho te bhikkhū bhagavato paṭissutvā samantā vesāliyā yathāmittaṃ yathāsandiṭṭhaṃ yathāsambhattaṃ vassaṃ upagacchuṃ.		ati pr	upagacchati	enters; starts; undertakes (rains retreat)	√gam + a > gama > gaccha (irreg)					pr		upa √gam												a			
2024-10-22	deva	an6	yes	2024-11-08	80185	99954	ekabandhana 2		eka + bandhana										AN6.45		dps		nt		eka bandhana	eka + bandhana	dhammikavaggo, iṇasuttaṃ		ekabandhan					n'āhaṃ, bhikkhave, aññaṃ <b>ekabandhanam</b>'pi samanupassāmi evaṃdāruṇaṃ evaṃkaṭukaṃ evaṃantarāyakaraṃ anuttarassa yogakkhemassa adhigamāya, yatha'y'idaṃ, bhikkhave, nirayabandhanaṃ vā tiracchānayonibandhanaṃ vā'ti.		a nt	ekabandhanaṃ	one bondage; single imprisonment; one confinement						nt, comp								digu > bahubbīhi							eka + bandhana		
2024-10-28	deva	vin3	yes	2024-11-08	80186	109954	pārivāsikapavāraṇādāna		parivāsa + pravāraṇa + dāna										VIN3.4.139		dps		nt		parivāsa pavāraṇā dāna	pārivāsika + pavāraṇā + dāna	pavāraṇākkhandhako, vajjanīyapuggalasandassanā		pārivāsikapavāraṇādān					na, bhikkhave, <b>pārivāsikapavāraṇādānena</b> pavāretabbaṃ, aññatra avuṭṭhitāya parisāya. na ca, bhikkhave, appavāraṇāya pavāretabbaṃ, aññatra saṅghasāmaggiyāti.		a nt	pārivāsikapavāraṇādānaṃ	passed-on invitation that has expired; passed-on invitation of a probationer						nt, comp																	
2024-10-28	deva	vin3	yes	2024-11-08	80187	119954	appavāraṇā	neg	na + pravāraṇa [pravṛ]			pavāraṇā				√var 2			VIN3.4.139		dps		fem		pavāraṇā	"na > a + pa + vāre + anā
na > a + pavāraṇā"	pavāraṇākkhandhako, vajjanīyapuggalasandassanā		appavāraṇ				kita	na, bhikkhave, pārivāsikapavāraṇādānena pavāretabbaṃ, aññatra avuṭṭhitāya parisāya. na ca, bhikkhave, <b>appavāraṇāya</b> pavāretabbaṃ, aññatra saṅghasāmaggiyāti.		ā fem	appavāraṇā	non-invitation day; no invitation; no offer	√var + *e > vāre	anā				fem, abstr, act, from na pavāreti	no inviting	pa √var	a > ā					kammadhāraya				pavāreti		*e	na + pavāraṇā		
2024-10-28	deva	vin3	yes	2024-11-08	80188	129954	dvevācikādipavāraṇā		dvi + vācā + ādi + pravāraṇa										VIN3.4.140		dps		fem		dvi vācā ādi pavāraṇā	dvevācika + ādi + pavāraṇā	pavāraṇākkhandhako, dvevācikādipavāraṇā		dvevācikādipavāraṇ					<b>dvevācikādipavāraṇā</b> niṭṭhitā.		ā fem	dvevācikādipavāraṇā	invitation ceremony by means of two statements						fem, comp								kammadhāraya							dvevācikādi + pavāraṇā		
2024-10-28	deva	vin3	yes	2024-11-08	80189	139954	bāḷhatara		bāḍha + tara										VIN3.4.140		dps		adj		bāḷha tara	bāḷha + tara	pavāraṇākkhandhako, dvevācikādipavāraṇā		bāḷhatar					<b>bāḷhataraṃ</b> savarabhayaṃ ahosi. bhikkhū n'āsakkhiṃsu dvevācikaṃ pavāretuṃ.		a adj	bāḷhatara	stronger; more intense; greater						adj, comp								kammadhāraya							bāḷha + tara		
2024-10-28	deva	vin3	yes	2024-11-08	80190	149954	saṅgāyanta		[saṃgai]							√gā			VIN3.4.140		dps		prp	intrans		saṃ + gāya + nta	pavāraṇākkhandhako, dvevācikādipavāraṇā		saṅgāy				kita	idha pana, bhikkhave, aññatarasmiṃ āvāse tadahu pavāraṇāya bhikkhūhi dhammaṃ bhaṇantehi … suttantikehi suttantaṃ <b>saṅgāyantehi</b>… vinayadharehi vinayaṃ vinicchinantehi		anta prp	saṅgāyanta	reciting; chanting	√gā + ya > gāya	nta				prp of saṅgāyati		saṃ √gā										saṅgāyati		ya			
2024-10-28	deva	vin3	yes	2024-11-08	80191	159954	vinicchinanta		[viniści]							√ci 1			VIN3.4.140		dps		prp	intrans		vi + nī + chinā + nta	pavāraṇākkhandhako, dvevācikādipavāraṇā		vinicchin				kita	idha pana, bhikkhave, aññatarasmiṃ āvāse tadahu pavāraṇāya bhikkhūhi dhammaṃ bhaṇantehi … suttantikehi suttantaṃ saṅgāyantehi… vinayadharehi vinayaṃ <b>vinicchinantehi</b>… dhammakathikehi dhammaṃ sākacchantehi		anta prp	vinicchinanta	investigating; exploring	√ci + nā > chinā	nta				prp of vinicchināti		vi nī √ci	c > ch (Kacc 20, 27)									vinicchināti		nā			
2024-10-28	deva	vin3	yes	2024-11-08	80192	169954	sākacchanta		[saṃkath]						pass	√kath			VIN3.4.140		dps		prp	intrans		saṃ > sā + kaccha + nta	pavāraṇākkhandhako, dvevācikādipavāraṇā		sākacch			+instr	kita	idha pana, bhikkhave, aññatarasmiṃ āvāse tadahu pavāraṇāya bhikkhūhi dhammaṃ bhaṇantehi … suttantikehi suttantaṃ saṅgāyantehi… vinayadharehi vinayaṃ vinicchinantehi… dhammakathikehi dhammaṃ <b>sākacchantehi</b>… bhikkhūhi kalahaṃ karontehi yebhuyyena ratti khepitā hoti.		anta prp	sākacchanta	discussing; talking together (with)	√kath + ya > kaccha (pass)	nta				prp of sākaccheti		saṃ √kath	"aṃ > ā
thy > cch"									sākaccheti		ya			
2024-10-28	deva	vin3	yes	2024-11-08	80193	179954	pavāraṇāṭhapana		pravāraṇa + sthāpana										VIN3.4.141		dps		nt		pavāraṇā ṭhapana	pavāraṇā + ṭhapana	pavāraṇākkhandhako, pavāraṇāṭhapanaṃ		pavāraṇāṭhapan					<b>pavāraṇāṭhapanaṃ</b> niṭṭhitaṃ.		a nt	pavāraṇāṭhapanaṃ	cancellation of the invitation; setting aside the invitation						nt, comp	causing standing of the invitation							chaṭṭhī tappurisa							pavāraṇ<b>āya</b> + ṭhapana		
2024-10-28	deva	vin3	yes	2024-11-08	80194	189954	kārāpiyamāna		kreyate [kṛ]						caus, pass	√kar			VIN3.4.141		dps		prp	trans		kārāpiya + māna	pavāraṇākkhandhako, pavāraṇāṭhapanaṃ		kārāpiya			+acc	kita	tena kho pana samayena chabbaggiyā bhikkhū okāsaṃ <b>kārāpiyamānā</b> na icchanti okāsaṃ kātuṃ. bhagavato etam'atthaṃ ārocesuṃ.		māna prp	kārāpiyamāna	being made to do; being made to perform	√kar + *āpe + iya > kārāpiya (caus, pass)	māna				prp of kārāpiyati	being caused be made	√kar										kārāpiyati		*āpe + iya			
2024-10-28	deva	vin3	yes	2024-11-08	80195	199954	aṭṭhapita	neg	na + sthāpita [sthā]			ṭhapita			caus	√ṭhā			VIN3.2.76		dps		pp		ṭhapita	"na > a + ṭhape + ita
na > a + ṭhapita"	uposathakkhandhako, gāmasīmādi		aṭṭhapit			+acc	kita	asammatāya, bhikkhave, sīmāya <b>aṭṭhapitāya</b>, yaṃ gāmaṃ vā nigamaṃ vā upanissāya viharati, yā tassa vā gāmassa gāmasīmā, nigamassa vā nigamasīmā		a pp	aṭṭhapita	not suspended; not cancelled; not set aside; not put aside	√ṭhā + āpe > ṭhāpe > ṭhape (caus, irreg)	ita				pp of na ṭhapeti	not caused to stand	√ṭhā	ā > a					kammadhāraya				ṭhapeti		*āpe	na + ṭṭhapita		
2024-10-28	deva	vin3	yes	2024-11-08	80196	209954	antaggāhikādiṭṭhi		anta + grāhika + dṛṣṭi										VIN3.4.141		dps		fem		anta gāha diṭṭhi	antaggāhika + diṭṭhi	pavāraṇākkhandhako, pavāraṇāṭhapanaṃ		antaggāhikādiṭṭh					so ce evaṃ vadeyya, cattāri pārājikāni, terasa saṅghādisesā, ayaṃ sīlavipatti, thull'accayaṃ, pācittiyaṃ, pāṭidesanīyaṃ, dukkaṭaṃ, dubbhāsitaṃ, ayaṃ ācāravipatti, micchādiṭṭhi, <b>antaggāhikādiṭṭhi</b>, ayaṃ diṭṭhivipattī'ti		i fem	antaggāhikādiṭṭhi	extreme view; oppinion that holds an ultimate end; belief leading to a definite conclusion						fem, comp	view clinging to one end							kammadhāraya							antaggāhikā + diṭṭhi		
2024-10-28	deva	vin3	yes	2024-11-08	80197	219954	thullaccayavatthuka		sthūla + atyaya + vastuka										VIN3.4.142		dps		adj		thullaccaya vatthu	thullaccaya + vatthuka	pavāraṇākkhandhako, thullaccayavatthukādi		thullaccayavatthuk					<b>thullaccayavatthuk</b>'ādi niṭṭhitā.		a adj	thullaccayavatthuka	based on serious offense; grounded on grave transgression						adj, comp								kammadhāraya							thullaccaya + vatthuka		
2024-10-28	deva	vin3	yes	2024-11-08	80198	229954	vatthuṭhapana		vastu + sthāpana										VIN3.4.143		dps		nt		vatthu ṭhapana	vatthu + ṭhapana	pavāraṇākkhandhako, vatthuṭhapanādi		vatthuṭhapan					<b>vatthuṭhapan</b>'ādi niṭṭhitā.		a nt	vatthuṭhapanaṃ	setting aside an offense; suspending of a matter						nt, comp								chaṭṭhī tappurisa							vatth<b>ussa</b> + ṭhapana		
2024-10-28	deva	vin3	yes	2024-11-08	80199	239954	bhaṇḍanakārakavatthu		bhaṇḍana + kāraka + vastu										VIN3.4.144		dps		nt		bhaṇḍana kāraka vatthu	bhaṇḍana + kāraka + vatthu	pavāraṇākkhandhako, bhaṇḍanakārakavatthu		bhaṇḍanakārakavatth					<b>bhaṇḍanakārakavatthu</b> niṭṭhitaṃ.		u nt	bhaṇḍanakārakavatthu	matter of argumentative; story of quarrelsome						nt, comp								chaṭṭhī tappurisa							bhaṇḍanakārak<b>assa</b> + vatthu		
2024-10-28	deva	vin3	yes	2024-11-08	80200	249954	asaṃvihita	neg	na + saṃvihita [saṃvidhā]			saṃvihita				√dhā			VIN3.4.144		dps		pp		saṃvihita	"na > a + saṃ + vi + √dhā > (da)h + ita
na > a + saṃvihita"	pavāraṇākkhandhako, bhaṇḍanakārakavatthu		asaṃvihit				kita	te ce, bhikkhave, bhikkhū bhaṇḍanakārakā kalahakārakā vivādakārakā bhassakārakā saṅghe adhikaraṇakārakā <b>asaṃvihitā</b> taṃ āvāsaṃ āgacchanti, tehi, bhikkhave, āvāsikehi bhikkhūhi āsanaṃ paññapetabbaṃ		a pp	asaṃvihita	without notice; not ordered; not arranged		ita				pp of na saṃvidahati		saṃ vi √dhā	dhā > h					kammadhāraya				saṃvidahati		a	na + saṃvihita		
2024-10-28	deva	vin3	yes	2024-11-08	80201	259954	vikkhitvā		vikṣipati [vikṣip]							√khip 1			VIN3.4.144		dps		abs	intrans		vi + √khip + itvā	pavāraṇākkhandhako, bhaṇḍanakārakavatthu		-					paccuggantvā pattacīvaraṃ paṭiggahetabbaṃ, pānīyena paripucchitabbā, tesaṃ <b>vikkhitvā</b> nissīmaṃ gantvā pavāretabbaṃ, pavāretvā vattabbā, pavāritā kho mayaṃ, āvuso, yathāyasmantā maññanti tathā karontū'ti.			vikkhitvā	having distracted; having disturbed; having confused						abs of vikkhipati	having thrown apart	vi √khip										vikkhipati		a			
2024-10-28	deva	vin3	yes	2024-11-08	80202	269954	ananuyogakkhama	neg	na + anuyoga + kṣama			anuyogakkhama							VIN3.4.144		dps		adj		anuyoga khama	"na > an + anuyoga + khama
na > an + anuyogakkhama"	pavāraṇākkhandhako, bhaṇḍanakārakavatthu		ananuyogakkham					tehi ce, bhikkhave, bhikkhūhi pavāriyamāne gilāno gilānassa pavāraṇaṃ ṭhapeti, so evam'assa vacanīyo, āyasmantā kho gilānā. gilāno ca <b>ananuyogakkhamo</b> vutto bhagavatā.		a adj	ananuyogakkhama	unable to stand scrutiny; not fit for examination						adj, comp								kammadhāraya							na + anuyogakkhama		
2024-10-28	deva	vin3	yes	2024-11-08	80203	279954	pavāraṇāsaṅgaha		pravāraṇa + saṃgraha										VIN3.4.145		dps		masc		pavāraṇā saṅgaha	pavāraṇā + saṅgaha	pavāraṇākkhandhako, pavāraṇāsaṅgaho		pavāraṇāsaṅgah					evaṃ mayaṃ imamhā phāsuvihārā paribāhirā bhavissāmā'ti, anujānāmi, bhikkhave, tehi bhikkhūhi <b>pavāraṇāsaṅgahaṃ</b> kātuṃ.		a masc	pavāraṇāsaṅgaho	agreement or postponement about the invitation ceremony						masc, comp								kammadhāraya							pavāraṇā + saṅgaha		
2024-10-28	deva	vin3	yes	2024-11-08	80204	289954	pavārenta		[pravṛ]							√var 2			VIN3.4.146		dps		prp	trans		pa + vāre + nta	pavāraṇākkhandhako, tassuddānaṃ		pavār			+acc	kita	"<b>pavārentā</b> paṇāmañ'ca,
kammaṃ gilānañātakā,
rājā corā ca dhuttā ca,
bhikkhupaccatthikā tathā."		enta prp	pavārenta	inviting; requesting	√var + *e > vāre	nta				prp of pavāreti		pa √var	a > ā									pavāreti		*e			
2024-10-28	deva	vin3	yes	2024-11-08	80205	299954	chandadānapavāraṇā		chanda + dāna + pravāraṇa										VIN3.4.146		dps		fem		chanda dāna pavāraṇā	chandadāna + pavāraṇā	pavāraṇākkhandhako, tassuddānaṃ		chandadānapavāraṇ					"āvāsikā cātuddasa,
liṅgasaṃvāsakā ubho,
gantabbaṃ na nisinnāya,
<b>chandadānapavāraṇā</b>."		ā fem	chandadānapavāraṇā	giving consent and invitation						fem, comp								dvanda							chandadānaṃ ca pavāraṇā ca		
2024-10-28	deva	vin3	yes	2024-11-08	80206	309954	savara		śabara								savara		VIN3.4.146		dps		masc				pavāraṇākkhandhako, tassuddānaṃ		savar					"<b>savarehi</b> khepitā megho,
antarā ca pavāraṇā,
na icchanti puramhākaṃ,
aṭṭhapitā ca bhikkhuno."		a masc	savaro	an aboriginal tribe; a savage; a member of the Dravidian people living in southern India						masc																	
2024-10-28	deva	vin3	yes	2024-11-08	80207	319954	cammakkhandhaka		carman + skandhaka										VIN3.5.158		dps		masc		camma khandhaka	camma + khandhaka	cammakkhandhako, mahākaccānassa pañcavaraparidassanā		cammakkhandhak					<b>cammakkhandhako</b> pañcamo.		a masc	cammakkhandhako	chapter on skins						masc, comp								chaṭṭhī tappurisa							camm<b>assa</b> + khandhaka		
2024-10-28	deva	vin3	yes	2024-11-08	80208	329954	soṇakoḷivisavatthu		śvāna + + vastu										VIN3.5.147		dps		nt		soṇa koḷivisa vatthu	soṇa + koḷivisa + vatthu	cammakkhandhako, soṇakoḷivisavatthu		soṇakoḷivisavatth					<b>soṇakoḷivisavatthu</b> niṭṭhitaṃ.		u nt	soṇakoḷivisavatthu	story of Soṇa Koḷivisa						nt, comp								chaṭṭhī tappurisa							soṇakoḷivis<b>assa</b> + vatthu		
2024-10-28	deva	vin3	yes	2024-11-08	80209	339954	gāmasahassa		grāma + sahasra										VIN3.5.147		dps		nt		gāma sahassa	gāma + sahassa	cammakkhandhako, soṇakoḷivisavatthu		gāmasahass					tena kho pana samayena rājā māgadho seniyo bimbisāro asītiyā <b>gāmasahassesu</b> issariy'ādhipaccaṃ rajjaṃ kāreti.		a nt	gāmasahassaṃ	one thousand villages						nt, comp								digu							gāma + sahassa		
2024-10-28	deva	vin3	yes	2024-11-08	80210	349954	gāmikasahassa		gāmika + sahasra										VIN3.5.147		dps		nt		gāmika sahassa	gāmika + sahassa	cammakkhandhako, soṇakoḷivisavatthu		gāmikasahass					atha kho rājā māgadho seniyo bimbisāro tāni asīti <b>gāmikasahassāni</b> diṭṭhadhammike atthe anusāsitvā uyyojesi		a nt	gāmikasahassaṃ	one thousand villagers; villages chiefs						nt, comp								digu							gāmika + sahassa		
2024-10-28	deva	vin3	yes	2024-11-08	80211	359954	dakkhitukāma		draṣṭum + kāma										VIN3.5.147		dps		adj		dakkhituṃ kāma	dakkhituṃ + kāma	cammakkhandhako, soṇakoḷivisavatthu		dakkhitukām					atha kho soṇassa koḷivisassa mātāpitaro soṇaṃ koḷivisaṃ etadavocuṃ, rājā te, tāta soṇa, pāde <b>dakkhitu'kāmo</b>. mā kho tvaṃ, tāta soṇa, yena rājā tena pāde abhippasāreyyāsi.		a adj	dakkhitukāma	wishing to see; wanting to see						adj, comp								tuṃpaccaya tappurisa > bahubbīhi							dakkhituṃ + kāma		
2024-10-29	deva	vin3	yes	2024-11-08	80212	369954	anusāsita		[śās]							√sās			VIN3.5.147		dps		pp			anu + √sās + ita	cammakkhandhako, soṇakoḷivisavatthu		anusāsit				kita	tumhe khvattha, bhaṇe, mayā diṭṭhadhammike atthe <b>anusāsitā</b>, gacchatha, taṃ bhagavantaṃ payirupāsatha, so no bhagavā samparāyike atthe anusāsissatīti.		a pp	anusāsita	taught; instructed; ordered; advised		ita				pp of anusāsati		√sās										anusāsati		a			
2024-10-29	deva	vin3	yes	2024-11-08	80213	379954	padhūpāyati		padhūpāyati [padhūpaya]							√dhūp			VIN3.6.172		dps		pr	intrans		pa + dhūpāya + ti	bhesajjakkhandhako, belaṭṭhakaccānavatthu		padhūpāy					seyyathāpi nāma phālo divasaṃsantatto udake pakkhitto cicciṭāyati ciṭiciṭāyati <b>padhūpāyati</b> sampadhūpāyati, evameva so guḷo udake pakkhitto cicciṭāyati ciṭiciṭāyati <b>padhūpāyati</b> sampadhūpāyati.		ati pr	padhūpāyati	smoulders; smokes; emits smoke; fumes	√dhūp + a + āya > dhūpāya (deno)					pr, deno of dhūpa		pa √dhūp										dhūpa		āya			
2024-10-29	deva	vin3	yes	2024-11-08	80214	389954	acirupasampanna		acira + upasaṃpanna										VIN3.5.147		dps		adj		cira upasampanna	acira + upasampanna	cammakkhandhako, soṇakoḷivisavatthu		acirupasampann					alattha kho soṇo koḷiviso bhagavato santike pabbajjaṃ, alattha upasampadaṃ. <b>acir'upasampanno</b> ca pan'āyasmā soṇo sītavane viharati.		a adj	acirupasampanna	soon after ordaining; not long after ordained as a monastic						adj, comp	recently attained							kammadhāraya							acira + upasampanna		
2024-10-29	deva	vin3	yes	2024-11-08	80215	399954	vīriyasamatā		vīrya + samatā										VIN3.5.147		dps		fem		vīriya samatā	vīriya + samatā	cammakkhandhako, soṇakoḷivisavatthu		vīriyasamat					atha kho āyasmā soṇo aparena samayena <b>vīriyasamataṃ</b> adhiṭṭhāsi, indriyānañ'ca samataṃ paṭivijjhi, tattha ca nimittaṃ aggahesi.		ā fem	vīriyasamatā	balance of energy; evenness of effort						fem, comp								kammadhāraya							vīriya + samatā		
2024-10-29	deva	vin3	yes	2024-11-08	80216	409954	parikkhīṇabhavasaññojana		parikṣīṇa + bhava + [saṃyuj]									epithets of arahants	VIN3.5.147		dps		adj		parikkhīṇa bhava saṃyojana	parikkhīṇa + bhava + saññojana	cammakkhandhako, soṇakoḷivisavatthu		parikkhīṇabhavasaññojan					yo so, bhante, bhikkhu arahaṃ khīṇ'āsavo vusitavā katakaraṇīyo ohitabhāro anuppattasadattho <b>parikkhīṇabhavasaññojano</b> samma'd'aññā vimutto, so chaṭṭhānāni adhimutto hoti, nekkhamm'ādhimutto hoti		a adj	parikkhīṇabhavasaññojana	who has cut the bond to existence; who has worn away the bonds of being; who has exhausted the fetter of existence; epithet of an arahant						adj, comp								kammadhāraya > bahubbīhi							parikkhīṇa + bhavasaññojana		
2024-10-29	deva	vin3	yes	2024-11-08	80217	419954	chaṭṭhāna		ṣaḍ + sthāna										VIN3.5.147		dps		nt		cha ṭhāna	cha + ṭhāna	cammakkhandhako, soṇakoḷivisavatthu		chaṭṭhān					yo so, bhante, bhikkhu arahaṃ khīṇ'āsavo vusitavā katakaraṇīyo ohitabhāro anuppattasadattho parikkhīṇabhavasaññojano samma'd'aññā vimutto, so <b>chaṭṭhānāni</b> adhimutto hoti		a nt	chaṭṭhānaṃ	six things; six positions						nt, comp	six standings							digu							cha + ṭhāna		
2024-10-29	deva	vin3	yes	2024-11-08	80218	429954	karaṇīyamattānaṃ		karaṇīyam + ātmānam	karaṇīya atta									VIN3.5.147		dps		sandhi			karaṇīyaṃ + attānaṃ	cammakkhandhako, soṇakoḷivisavatthu		-					khīṇ'āsavo, bhante, bhikkhu, vusitavā, katakaraṇīyo, <b>karaṇīyamattānaṃ</b> asamanupassanto katassa vā paṭicayaṃ khayā rāgassa vītarāgattā nekkhamm'ādhimutto hoti			karaṇīyamattānaṃ	something to be done in oneself; anything should be done in himself						sandhi, ptp + masc																	
2024-10-29	deva	vin3	yes	2024-11-08	80219	439954	pavedheti		[pravyath]							√vedh			VIN3.5.147		dps		pr	trans		pa + vedhe + ti	cammakkhandhako, soṇakoḷivisavatthu		pavedh			+acc		"iṭṭhā dhammā aniṭṭhā ca,
na <b>pavedhenti</b> tādino,
ṭhitaṃ cittaṃ vippamuttaṃ,
vayañ'c'ass'ānupassatī'ti."		eti pr	pavedheti	trembles; agitates; stresses	√vedh + e > vedhe (caus)					pr, caus of pavedhati	causes to shake	pa √vedh										pavedhati		*e			
2024-10-29	deva	vin3	yes	2024-11-08	80220	449954	diguṇādiupāhanapaṭikkhepa		dviguṇa + ādi + upānah + pratikṣepa										VIN3.5.148		dps		masc		dvi guṇa ādi upāhana paṭikkhepa	diguṇa + ādi + upāhana + paṭikkhepa	cammakkhandhako, diguṇādiupāhanapaṭikkhepo		diguṇādiupāhanapaṭikkhep					<b>diguṇ'ādiupāhanapaṭikkhepo</b> niṭṭhito.		a masc	diguṇādiupāhanapaṭikkhepo	prohibition against sandals with double-layered soles, etc.						masc, comp	two-layer etc. sandal rejection							kammadhāraya							diguṇādiupāhana + paṭikkhepa		
2024-10-29	deva	vin3	yes	2024-11-08	80221	459954	asītisakaṭavāha		aśīti + śakaṭa + vāha										VIN3.5.148		dps		masc		asīti sakaṭa vāha	asīti + sakaṭavāha	cammakkhandhako, diguṇādiupāhanapaṭikkhepo		asītisakaṭavāh					ath'āhaṃ bhante ekapalāsikaṃ ce upāhanaṃ pariharissāmi, tassa me bhavissan'ti vattāro soṇo koḷiviso <b>asītisakaṭavāhe</b> hiraññaṃ ohāya agārasmā anagāriyaṃ pabbajito, sattahatthikañ'ca anīkaṃ.		a masc	asītisakaṭavāho	eighty cardloads						masc, comp								digu							asīti + sakaṭavāha		
2024-11-01	deva	vin3	yes	2024-11-08	80222	90109	purāṇakulaputta		purāṇa + kulaputra										VIN3.1.48		dps		masc		purāṇa kula putta	purāṇa + kulaputta	mahākhandhako, theyyasaṃvāsakavatthu		purāṇakulaputt					atha kho so <b>purāṇakulaputto</b> khīṇakolañño āyasmatā upālinā anuyuñjiyamāno etam'atthaṃ ārocesi. āyasmā upāli bhikkhūnaṃ etam'atthaṃ ārocesi.		a masc	purāṇakulaputto	son from a good family; young man from a respectable family; young gentleman						masc, comp								kammadhāraya							purāṇa + kulaputta		
2024-11-01	deva	vin3	yes	2024-11-08	80223	100109	tiracchānagatavatthu		tiryaggata + vastu										VIN3.1.49		dps		nt		tiracchāna gata vatthu	tiracchānagata + vatthu	mahākhandhako, tiracchānagatavatthu		tiracchānagatavatth					<b>tiracchānagatavatthu</b>		u nt	tiracchānagatavatthu	account of animals; story of animals; instance of animals						nt, comp								chaṭṭhī tappurisa							tiracchānagat<b>assa</b> + vatthu		
2024-11-01	deva	vin3	yes	2024-11-08	80224	110109	aviruḷhidhamma	neg	na + virūḍhi + dharma										VIN3.1.49		dps		adj		viruḷhi dhamma	"na > a + viruḷhi + dhamma
na > a + aviruḷhidhamma"	mahākhandhako, tiracchānagatavatthu		aviruḷhidhamm					atha kho so nāgo <b>aviruḷhidhammo</b> kirāhaṃ imasmiṃ dhammavinaye'ti dukkhī dummano assūni pavattayamāno vissaraṃ katvā pakkāmi.		a adj	aviruḷhidhamma	unable to progress; not liable to grow						adj, comp	not of the nature to sprout							kammadhāraya							na + viruḷhidhammana		
2024-11-07	deva	pat	yes	2024-11-14	80284	90132	ārūḷha 5		ārūḍha [āruh]							√ruh			VIN PAT SE 62		dps		pp			ā + √ruh + ta > rūḍha > rūḷha	upāhanasikkhāpadaṃ	āruḷha	ārūḷh				kita	na upāhan'<b>ārūḷhassa</b> agilānassa dhammaṃ desessāmī'ti sikkhā karaṇīyā.		a pp	ārūḷha	wearing; put on		ta				pp of āruhati	ascended	ā √ruh	u > ū ht > ḍh > ḷh (metathesis)									āruhati		a			
2024-11-09	deva	split same as tītikkhā	yes	2024-11-14	80285	100132	titikkhā 2		titikṣā [tij]						desid	√tij 3					dps		fem			titikkha + ā			titikkh				kita			ā fem	titikkhā		√tij + tij + sa > titikkha (desid)	ā				fem, abstr, from titikkhati		√tij	"tij > ti (contraction)
js > kkh"				forgiveness					titikkhati		sa			
2024-11-20	deva	vin1	yes	2024-12-04	80447	100132	oṇi		oṇi										VIN1.1.2		dps		masc				dutiyapārājikaṃ		oṇ					<b>oṇi</b>rakkho nāma āhaṭaṃ bhaṇḍaṃ gopento pañcamāsakaṃ vā atirekapañcamāsakaṃ vā agghanakaṃ theyyacitto āmasati, āpatti dukkaṭassa. phandāpeti, āpatti thull'accayassa.		i masc	oṇi	treasure; property; entrusted wares						masc					(VINa) oṇiṃ rakkhatī'ti <b>oṇirakkho</b>. yo parena attano vasanaṭṭhāne ābhataṃ bhaṇḍaṃ idaṃ												
2024-11-23	deva	vin1	yes	2024-12-04	80448	110132	sasaññī 2		sa + saṃjñin [saṃjñā]							√ñā			VIN1.1.2		dps		adj		saññā	"sa + saṃ + √ñā + ā + ī
sasaññā + ī"	dutiyapārājikaṃ		sasaññ				taddhita	anāpatti <b>sasaññissa</b>, vissāsaggāhe, tāvakālike, petapariggahe, tiracchānagatapariggahe, paṃsukūlasaññissa, ummattakassa, ādikammikassā'ti.		ī adj	sasaññī	perceiving as his own; understanding as one's own		ī				adj, from saññā		saṃ √ñā	ṃñ > ññ		(VINa) evaṃ vatthuvasena ca cittavasena ca āpattibhedaṃ dassetvā idāni anāpattibhedaṃ dassento <b>anāpatti sasaññissā</b>'ti'ādim'āha.							saññā		nā			
2024-11-23	deva	vin1	yes	2024-12-04	80449	120132	daṇḍaka 3		daṇḍaka	daṇḍa							daṇḍa		VIN1.1.2		dps		masc		daṇḍa	daṇḍa + ka	dutiyapārājikaṃ		daṇḍak				taddhita	haneyyuṃ vā'ti hatthena vā pādena vā kasāya vā vettena vā aḍḍha<b>daṇḍakena</b> vā chejjāya vā haneyyuṃ.		a masc	daṇḍako	staff; rod		ka				masc, dimin of daṇḍa												daṇḍa					
2024-11-24	deva	vin1	yes	2024-12-04	80450	130132	paṃsukūla 3		pāṃsukūla										VIN1.1.2		dps		nt		paṃsu kūla paṃsukūla	paṃsu + kūla	dutiyapārājikaṃ		paṃsukūl					anāpatti sasaññissa, vissāsaggāhe, tāvakālike, petapariggahe, tiracchānagatapariggahe, <b>paṃsukūla</b>saññissa, ummattakassa, ādikammikassā'ti.		a nt	paṃsukūlaṃ	something from a rubbish heap; something discarded; rubbish						nt, comp								chaṭṭhī tappurisa > bahubbīhi							paṃs<b>uno</b> + kūla		
2024-11-24	deva	vin1	yes	2024-12-04	80451	140132	bhūma 4		bhūma [bhū]	bhūmi						√bhū			VIN1.1.2		dps		masc		bhūmi	√bhū + ma	dutiyapārājikaṃ		bhūm				kita	<b>bhūma</b>ṭṭhaṃ nāma bhaṇḍaṃ bhūmiyaṃ nikkhittaṃ hoti nikhātaṃ paṭicchannaṃ. <b>bhūma</b>ṭṭhaṃ bhaṇḍaṃ avaharissāmīti theyyacitto dutiyaṃ vā pariyesati kudālaṃ vā piṭakaṃ vā pariyesati gacchati vā, āpatti dukkaṭassa.		a masc	bhūmo	under earth; underground		ma				masc, in comps		√bhū			(VINa) <b>bhūmaṭṭhaṃ thalaṭṭhan</b>'ti'ādinā nayena mātikaṃ ṭhapetvā, bhūmaṭṭhaṃ nāma bhaṇḍaṃ bhūmiyaṃ nikkhittaṃ hotī'ti'ādinā nayena tassa vibhaṅgaṃ āha.							√bhū		a			
2024-11-25	deva	vin1	yes	2024-12-04	80452	150132	iriyā 3		īryā [īr]							√īr 1			VIN1.1.2		dps		fem			√īr + iyā	dutiyapārājikaṃ		iriy				kita	ādiyeyyā'ti ādiyeyya hareyya avahareyya <b>iriyā</b>pathaṃ vikopeyya ṭhānā cāveyya saṅketaṃ vītināmeyya.		ā fem	iriyā	movement; motion		iyā				fem, from iriyati		√īr			(VINa) <b>iriyāpathaṃ vikopeyyā</b>'ti sahabhaṇḍahārakaṃ nessāmī'ti paṭhamaṃ pādaṃ saṅkāmeti, āpatti thull'accayassa. dutiyaṃ pādaṃ saṅkāmeti, āpatti pārājikassa.							iriyati		a			
2024-11-27	deva	vin1	yes	2024-12-04	80453	160132	ācikkhanā		ācakṣaṇa [ākhyā]							√cikkh			VIN1.1.3		dps		fem			ā + √cikkh + anā	tatiyapārājikaṃ		ācikkhan				kita	<b>ācikkhanā</b> nāma puṭṭho bhaṇati, evaṃ marassu. yo evaṃ marati so dhanaṃ vā labhati yasaṃ vā labhati saggaṃ vā gacchatī'ti, āpatti dukkaṭassa.		ā fem	ācikkhanā	telling; informing; announcing		anā				fem, abstr, act, from ācikkhati		ā √cikkh										ācikkhati		a			
2024-11-27	deva	vin1	yes	2024-12-04	80454	170132	kūla 2		kūla [kūl]							√kūl			VIN1.1.2		dps		nt			√kūl + a	dutiyapārājikaṃ		kūl				kita	anāpatti sasaññissa, vissāsaggāhe, tāvakālike, petapariggahe, tiracchānagatapariggahe, paṃsu<b>kūla</b>saññissa, ummattakassa, ādikammikassā'ti.		a nt	kūlaṃ	border; edge		a				nt		√kūl												a			
2024-12-01	deva	vin1	yes	2024-12-04	80455	180132	sukhatthāya		sukha + artha										VIN1.2.1		dps		ind		sukha attha1	"sukha + attha + āya
sukhattha + āya"	sukkavissaṭṭhisikkhāpadaṃ		-					<b>ārogy'atthāya</b> moceti, sukh'atthāya moceti, bhesajj'atthāya moceti, dānatthāya moceti, puññatthāya moceti, yaññ'atthāya moceti, saggatthāya moceti, bīj'atthāya moceti			sukhatthāya	for the purpose of ease; for the sake of comfort						ind, adv, comp																	
2024-12-09	deva	vin1				190132	evamassa 5		evam + syāt	evaṃ assa3									VIN PAT SA 10		dps		sandhi			evaṃ + assa	saṅghabhedasikkhāpadaṃ		-					so bhikkhu bhikkhūhi <b>evam'assa</b> vacanīyo, m'āyasmā samaggassa saṅghassa bhedāya parakkami, bhedanasaṃvattanikaṃ vā adhikaraṇaṃ samādāya paggayha aṭṭhāsi			evamassa	thus it should be; it should be in this way						sandhi, adv + opt			ṃa > ma														
2024-12-09	deva	vin3				200132	sabhāvapātukamma		svabhāva + prādukarma										VIN3.1.49		dps		nt		sabhāva pātu kamma	sabhāva + pātukamma	mahākhandhako, tiracchānagatavatthu		sabhāvapātukamm					yadā ca sajātiyā methunaṃ dhammaṃ paṭisevati, yadā ca vissaṭṭho niddaṃ okkamati, ime kho, bhikkhave, dve paccayā nāgassa <b>sabhāvapātukammāya</b>.		a nt	sabhāvapātukammaṃ	normal appearance; original form; show (their) true nature						nt, comp								dutiyā tappurisa							sabhāv<b>aṃ</b> + pātukamma		
2024-12-11	deva	vin3				210132	mātughātakavatthu		mātṛ + ghātaka + vastu										VIN3.1.50		dps		nt		mātar ghātaka vatthu	mātu + ghātaka + vatthu	mahākhandhako, mātughātakavatthu		mātughātakavatth					<b>mātughātakavatthu</b>		u nt	mātughātakavatthu	account of matricide; story of one who has killed their mother; instance of a person who has murdered one's own mother						nt, comp								chaṭṭhī tappurisa							mātughātak<b>assa</b> + vatthu		
2024-12-11	deva	vin3				220132	pitughātakavatthu		pitṛ + ghātaka + vastu										VIN3.1.51		dps		nt		pitar ghātaka vatthu	pitu + ghātaka + vatthu	mahākhandhako, pitughātakavatthu		pitughātakavatth					<b>pitughātakavatthu</b>		u nt	pitughātakavatthu	account of patricide; story of one who has killed their father; instance of a person who has murdered one's own father						nt, comp								chaṭṭhī tappurisa							pitughātak<b>assa</b> + vatthu		
2024-12-11	deva	vin3				230132	pitughātaka		pitṛ + ghātaka										VIN3.1.51		dps		masc		pitar ghātaka	pitu + ghātaka	mahākhandhako, pitughātakavatthu		pitughātak					bhikkhū bhagavato etam'atthaṃ ārocesuṃ. <b>pitughātako</b>, bhikkhave, anupasampanno na upasampādetabbo, upasampanno nāsetabbo'ti.		a masc	pitughātako	father-killer; patricide; one who has killed one's own father						masc, comp								dutiyā tappurisa							pit<b>araṃ</b> + ghātaka		
2024-12-11	deva	vin3				240132	arahantaghātakavatthu		arhat + ghātaka + vastu										VIN3.1.52		dps		nt		arahant ghātaka vatthu	arahantaghātaka + vatthu	mahākhandhako, arahantaghātakavatthu		arahantaghātakavatth					<b>arahantaghātakavatthu</b>		u nt	arahantaghātakavatthu	account of a murderer of an awakened being; story of one who murdered an Arahant; instance of the killer of an Arahant						nt, comp								chaṭṭhī tappurisa							arahantaghātak<b>assa</b> + vatthu		
2024-12-11	deva	vin3				250132	oniyyamāna		[avanī]						pass	√nī			VIN3.1.52		dps		prp	intrans		ava + nīya > niyya + māna	mahākhandhako, arahantaghātakavatthu		oniyya				kita	addasaṃsu kho te palāyitvā pabbajitā te core vadhāya <b>oniyyamāne</b>, disvāna evam'āhaṃsu, sādhu kho mayaṃ palāyimhā, sacā ca mayaṃ gayheyyāma, mayam'pi evam'eva haññeyyāmāti.		māna prp	oniyyamāna	being led away; being carried away; seized	√nī + ya > nīya (pass)	māna				prp of oniyyati		ava √nī	īy > iyy									oniyyati		ya			
2024-12-11	deva	vin3				260132	oniyyati		[avanī]							√nī			VIN3.1.52		dps		pr	intrans		ava + nīya > niyya + ti	mahākhandhako, arahantaghātakavatthu		oniyy					sāvatthiyā rājabhaṭā nikkhamitvā ekacce core aggahesuṃ, ekacce corā palāyiṃsu. ye te palāyiṃsu te bhikkhūsu pabbajiṃsu, ye te gahitā te vadhāya <b>oniyyanti</b>.		ati pr	oniyyati	is led away; is carried away; is seized	√nī + ya > nīya (pass)					pr, pass of oneti		ava √nī	īy > iyy									oneti		ya			
2024-12-11	deva	vin3				270132	bhikkhunīdūsakavatthu		bhiksuṇī + dūṣaka + vastu										VIN3.1.53		dps		nt		bhikkhunī dūsaka vatthu	bhikkhunī + dūsaka + vatthu	mahākhandhako, bhikkhunīdūsakavatthu		bhikkhunīdūsakavatth					<b>bhikkhunīdūsakavatthu</b>		u nt	bhikkhunīdūsakavatthu	account of a nun rapist; story of the rapist of a nun; instance of one who assaulted a nun						nt, comp								chaṭṭhī tappurisa							bhikkhunīdūsak<b>assa</b> + vatthu		
2024-12-13	deva	vin1				280132	omasanā 2		[avamṛś]							√mas 1			VIN1.2.2		dps		fem			ava + √mas + anā	kāyasaṃsaggasikkhāpadaṃ		omasan				kita	āmasanā, parāmasanā, <b>omasanā</b>, ummasanā, olaṅghanā, ullaṅghanā, ākaḍḍhanā, patikaḍḍhanā, abhiniggaṇhanā, abhinippīḷanā, gahaṇaṃ, chupanaṃ.		ā fem	omasanā	stroking in a downwards direction		anā				fem, abstr, act, from omasati		ava √mas	ava > o									omasati		a			
2024-12-25	deva	vin1				290132	parāmasanā		parāmarśana [parāmṛś]							√mas 1			VIN1.2.2		dps		fem			parā + √mas + anā	kāyasaṃsaggasikkhāpadaṃ		parāmasan				kita	āmasanā, <b>parāmasanā</b>, omasanā, ummasanā, olaṅghanā, ullaṅghanā, ākaḍḍhanā, patikaḍḍhanā, abhiniggaṇhanā, abhinippīḷanā, gahaṇaṃ, chupanaṃ.		ā fem	parāmasanā	touching; stroking; rubbing; caressing		anā				fem, abstr, act, from parāmasati		parā √mas			(VIN) <b>parāmasanā</b> nāma itoc'ito ca saṃcopanā.							parāmasati		a			
