index	chA	chB	ch1	ch2	eg	weight
1	a	p	a	ap	abhivaggen'api	3
2	ā	p	a	ap	ajjā'pi	3
3	ā	p	ā	ap	samāpattiyā'pi	3
4	ā	t	ā		tasmā't'iha	4
5	ā	t	a	it	cā'ti	3
6	ā	t	ā	it	upādāyā'ti	3
7	a	v	a	ev	cūḷa'va	3
8	ā	v	ā	ev	datvā'va	3
9	ā	y	ā		imissā'y'eva	4
10	a	y	a		ta'y'idaṃ	4
11	b	ā	bā	ā	sabb'ākārena	3
12	b	a	ba	a	sabb'aṅga	4
13	b	ā	baṃ	a	bhūtapubb'āhaṃ	3
14	b	ā	be	a	pubb'āhaṃ	3
15	b	b	d	v	tab'bipaccanīka	3
16	b	b	r	v	dub'bītivatta	3
17	b	e	be	e	sabb'ete	3
18	b	o	ba	o	sabb'okāsaṃ	3
19	b	ū	ba	u	amb'ūpamā	3
20	b	u	ba	u	sabb'upadhīnaṃ	3
21	c	a	ca	a	c'aggā	4
22	c	ā	ca	a	c'āhaṃ	3
23	c	ā	ca	ā	c'ānanda	3
24	c	ā	ca	i	cā'ti	3
25	c	ā	cā	i	sammuccā'ti	3
26	c	a	ce	a	sac'assa	3
27	c	ā	ce	a	sac'āyaṃ	3
28	c	ā	ci	a	kacc'āsi	3
29	c	a	ci	a	kociañño	3
30	c	c		c	sāra'c'chedo	4
31	c	c	c		vana'c'chāyappavesana	3
32	c	c	ti		icc'eva	3
33	c	e	ca	e	c'evimaṃ	3
34	c	e	ce	e	sac'etaṃ	3
35	c	i	ca	i	c'ime	3
36	c	i	ci	a	kaccisi	3
37	c	i	ci	i	kecime	3
38	c	o	ca	u	c'oggate	3
39	c	o	co	a	niccomhi	3
40	c	o	co	i	ādiccova	3
41	c	ū	ca	u	cūbhayaṃ	3
42	c	u	ca	u	papañcuppatti	3
43	d	a		a	kiñci'd'atthaṃ	4
44	d	ā	da	a	idāhaṃ	3
45	ḍ	ā	ḍā	a	muṇḍāsi	3
46	d	a	da	a	pamād'attha	4
47	ḍ	ā	ḍa	ā	paribhaṇḍādīni	3
48	d	ā	da	ā	vādādayo	3
49	d	ā	dā	a	yadāhaṃ	3
50	d	ā	daṃ	a	ekamid'āhaṃ	3
51	d	ā	dī	a	evaṃvād'āhaṃ	3
52	d	a	di	a	nisīd'ambavane	3
53	d	a	diṃ	a	nisīd'ambavane	3
54	d	ā	do	ā	tamanud'āsino	3
55	d	d		d	ussita'd'dhajā	4
56	d	e		e	bahudeva	4
57	d	e	da	e	sadd'ettha	3
58	d	e	de	a	pāsāde'bhiramanti	3
59	ḍ	e	ḍo	e	caṇḍ'ettha	3
60	d	i	da	i	iddhipād'indriyena	3
61	d	i	di	a	aggāsanādi'rahānaṃ	3
62	d	ī	dī	a	saccavādīmhi	3
63	d	o	da	u	candopama	3
64	ḍ	o	da	u	piṇḍ'opajjhāriyāpatho	3
65	ḍ	o	ḍo	a	meṇḍo'si	3
66	d	o	do	a	ucchedavādohamasmī	3
67	ḍ	o	ḍo	u	piṇḍo'pajjhāriyāpatho	3
68	d	u		u	vehāsā'd'upasaṅkamiṃ	4
69	d	ū	da	u	pādūdare	3
70	d	u	da	u	pasāduppatti	3
71	d	ū	dū	a	vidūhaṃ	3
72	d	u	du	i	udabindu'va	3
73	d	ū	du	i	udabindū'va	3
74	e	p	e	ap	suttepi	3
75	e	t	e	it	purisayugeti	3
76	e	v	a	ev	ceva	3
77	e	v	e	ev	pubbeva	3
78	e	v	i	ev	sabbāneva	3
79	e	y	e		pamāṇe'y'eva	4
80	g	ā	ga	a	kāliṅgāraññaṃ	3
81	g	a	ga	a	vavassagg'atthe	4
82	g	ā	ga	ā	vigatarāgādi	3
83	g	e	go	e	pagevetaṃ	3
84	g	g		g	vighāta'g'gahaṇena	4
85	g	i	gaṃ	i	ubbigg'idaṃ	3
86	g	ī	gi	i	aggī'va	3
87	g	i	gi	o	agg'obhāso	3
88	g	o	go	a	aggo'hamasmi	3
89	g	o	go	i	paribhogoti	3
90	g	u	ga	u	aggupaṭṭhāyikā	3
91	g	ū	ga	u	saggūpagena	3
92	g	ū	gū	a	vedagū'smīti	3
93	h	ā	hā	ā	addh'āyasmantehi	2
94	h	ā	ha	a	idh'āhaṃ	2
95	h	ā	ha	ā	maññath'āvuso	2
96	h	a	ha	a	passath'ayye	4
97	h	ā	hā	a	santosakathāvasāne	3
98	h	a	hā	a	yath'aññe	3
99	h	ā	ha	i	āhāti	3
100	h	a	ha	i	itihame	3
101	h	ā	hā	i	macchā'va	3
102	h	ā	haṃ	a	rattamah'ābhipassa	3
103	h	ā	hi	a	deh'āyye	3
104	h	ā	hī	ā	hatthārūḷhaṃ	3
105	h	ā	hi	ā	hāyasmanto	3
106	h	a	hi	a	sattahaṅgehi	3
107	h	a	hiṃ	a	paṭivijjh'ahanti	3
108	h	ā	ho	a	pañcāh'āhaṃ	3
109	h	ā	hu	a	sādh'āhaṃ	3
110	h	a	hu	a	sādh'ayye	3
111	h	ā	hu	ā	sādhāvuso	3
112	h	e	ha	e	etthevassa	3
113	h	e	hā	e	tatheva	3
114	h	e	haṃ	e	mayhevete	3
115	h	e	he	a	yaggheyye	3
116	h	e	he	i	kāḷapakkheva	3
117	h	e	hi	e	hete	3
118	h	e	ho	e	sammūḷhettha	3
119	h	i	hā	i	seyyathidaṃ	3
120	h	ī	hā	i	seyyathīdaṃ	3
121	h	i	ha	i	yatthime	3
122	h	i	haṃ	i	mayh'idaṃ	3
123	h	ī	hī	a	aparavambhīhamasmi	3
124	h	i	hi	a	yañhissa	3
125	h	ī	hi	i	amhīti	3
126	h	i	hi	i	hidaṃ	3
127	h	i	hiṃ	a	bujjhi'haṃ	3
128	h	o	ha	o	abhiṇhovāda	3
129	h	o	hā	o	mah'osadho	3
130	h	o	ha	u	kaṭṭhodakaṃ	3
131	h	o	hā	u	mah'odakanti	3
132	h	o	haṃ	u	paralābh'opajīvantā	3
133	h	o	ho	a	appicchohamasmi	3
134	h	o	ho	i	evaṃbyākhoti	3
135	h	o	ho	u	megh'opasammaye	3
136	h	o	hū	a	abhibho'smi	3
137	h	o	hu	o	bah'odake	3
138	h	u	ha	u	dukkhundrayaṃ	3
139	h	u	hā	u	heṭṭh'upariyavasena	3
140	h	ū	ha	u	idhūpapanno	3
141	h	u	hi	u	pañcahupādāna	3
142	h	u	hu	a	vatthu'jjhācārā	3
143	h	ū	hū	e	bhikkhū'va	3
144	h	ū	hu	i	sampannatth'ūdha	3
145	h	ū	hu	u	bahūpāyāsā	3
146	ī	p	ī	ap	bhaginīpi	3
147	i	p	i	ap	tīṇipi	2
148	ī	t	i	it	hotīti	3
149	ī	t	ī	it	suppaṭinissaggīti	3
150	ī	v	ī	ev	añjanīva	3
151	i	y	i		ti'y'aggaḷā	4
152	ī	y	ī		ussoḷhī'y'eva	4
153	j	ā	ja	a	ajjāhaṃ	3
154	j	a	ja	a	bhesajj'atthañca	4
155	j	ā	jā	ā	kasivaṇijjādīni	3
156	j	ā	jā	a	rājāhaṃ	3
157	j	ā	ja	ā	samajjādi	3
158	j	ā	jā	i	rājātiādimāha	3
159	j	a	jiṃ	a	bhuñj'ahaṃ	3
160	j	e	ja	e	ajjekadivasaṃ	3
161	j	ī	ja	i	rāj'īsayo	3
162	j	i	ji	a	nikūji'haṃ	3
163	j	ī	jī	a	sabbajīsmīti	3
164	j	j		j	rūpa'j'jhāne	4
165	j	j	j		yatasaṅkappa'j'jhāyīti	3
166	j	o	jo	a	suddhasaṅkhārapuñjo'yaṃ	3
167	j	ū	ja	u	bījūpamena	3
168	k	ā	kā	a	ārakāssa	3
169	k	ā	ka	ā	orabbhikādīsu	3
170	k	a	kā	a	padak'asma	4
171	k	ā	kā	ā	pāduk'āruyha	3
172	k	a	ka	a	sakalik'aggi	4
173	k	ā	ka	a	savitakk'āvitakka	3
174	k	ā	ka	i	ajanakāti	3
175	k	ā	kā	i	gaṇikā'va	3
176	k	i	ka	i	jeṭṭhakitthiyo	3
177	k	ī	kī	i	kikīva	3
178	k	k		k	citta'k'khaṇiko	4
179	k	k	k		upadhi'k'khayaṃ	3
180	k	o	ka	o	ek'obhāsajāto	3
181	k	o	ko	a	ekomhi	3
182	k	o	ko	u	pāṭik'odumbarīceva	3
183	k	u	ka	u	ekucchaṅgena	3
184	k	ū	ka	u	khajjopanakūpamā	3
185	k	y	ke	a	ky'assa	3
186	l	ā	lā	a	abbūḷhasall'āhaṃ	3
187	l	a	la	a	cel'aṇḍakena	4
188	ḷ	a	ḷa	a	cūḷ'antevāsikassa	4
189	l	ā	la	ā	kālādīsu	3
190	ḷ	ā	ḷa	a	kīḷāvasāne	3
191	ḷ	ā	ḷa	ā	naḷādayo	3
192	l	ā	la	a	sīlālaṅkāra	3
193	l	ā	la	i	sīlāti	3
194	l	ā	le	ā	phal'āsāva	4
195	l	i	la	i	avikalindriyaṃ	3
196	l	ī	lī	i	kalī'va	3
197	l	o	la	o	cūḷarāhulovāde	3
198	ḷ	o	ḷa	u	guḷ'odaka	3
199	l	o	la	u	musal'odukkhalena	3
200	ḷ	o	ḷo	a	jaḷosi	3
201	l	o	lo	a	kallosi	3
202	l	o	lo	i	akhilo'dha	3
203	l	o	lo	u	musal'odukkhalena	3
204	l	u	la	u	bāl'ussannāya	3
205	l	ū	la	u	phal'ūpapannaṃ	3
206	l	ū	lū	a	anabhijjhālūhamasmi	3
207	m	a		a	bālena'm'avijānatā	4
208	m	ā		ā	vihāramidha'm'āhu	4
209	m	a	ṃ	a	aham'asmi	2
210	m	ā	ṃ	a	sakimābhinandī	3
211	m	ā	ṃ	ā	sāvakamāsajja	3
212	m	ā	mā	ā	āyāmāvuso	3
213	m	a	mā	a	brahm'ajjadiṭṭho	3
214	m	ā	ma	ā	kammānubhāvena	3
215	m	ā	mā	a	mābhinandi	3
216	m	ā	ma	a	mamānucchavikaṃ	3
217	m	a	ma	a	mam'assa	4
218	m	a	ma	e	mama'sā	3
219	m	ā	mā	e	metaṃ	3
220	m	ā	ma	i	carāmāti	3
221	m	a	ma	i	mamedaṃ	3
222	m	a	maṃ	a	cittassūpasam'ajjhagaṃ	3
223	m	ā	maṃ	a	khem'ābhipassaṃ	3
224	m	ā	me	a	māyaṃ	3
225	m	a	mi	a	abhijānāmahaṃ	3
226	m	a	mo	a	pañcam'atthi	3
227	m	b	ṃ	b	garumbhāraṃ	3
228	ṃ	d		d	yassa'ṃ'disaṃ	4
229	m	e		e	idheva'm'eso	4
230	m	e	ṃ	e	viññāṇakasiṇameko	3
231	m	e	mā	e	metamāsado	3
232	m	e	ma	e	nāmesa	3
233	m	e	ma	i	mamedaṃ	3
234	m	e	me	a	me'si	3
235	m	e	me	e	metaṃ	3
236	m	e	me	i	imeti	3
237	m	e	mi	e	imināvārahām'evāhaṃ	3
238	ṃ	h	ṃ	ah	yasmiṃ'haṃ	3
239	m	h	ṃ	h	ahuvamhi	3
240	m	i		i	midhekacce	4
241	m	ī	ṃ	ī	evamīdisesu	3
242	m	i	ṃ	i	suññamidaṃ	3
243	m	i	ma	i	nāmime	3
244	m	i	mi	a	passāmi'ssānubhāvanti	3
245	m	ī	mi	i	asmīti	3
246	m	i	mi	i	nikkhipissām'imaṃ	3
247	m	o	ṃ	o	āpagam'otaritvā	3
248	m	o	ma	u	sadhammokkaṃsanā	3
249	m	o	mo	a	saccanāmomhi	3
250	m	o	mo	e	abhikkamosānaṃ	3
251	m	o	mo	i	appaṭimo'dha	3
252	m	p		ap	bhavataṇhā'm'pāhaṃ	4
253	m	p	ṃ	ap	kusacīrampi	3
254	ṃ	p	ṃ	ap	sumaṅgalavilāsiniyaṃpi	3
255	m	p	ṃ	api	yampicchaṃ	3
256	ṃ	s	ṃ	as	kaṃsi	3
257	ṃ	s	ṃ	ass	yaṃsa	3
258	ṃ	t	ṃ	it	kiṃti	3
259	m	u	ṃ	u	ahamupaka	3
260	m	ū	ṃ	u	tam'ūpanissāya	3
261	m	u	ma	u	dhammuddesā	3
262	ṃ	v	ṃ	ev	ekaṃ'va	3
263	ṃ	v	ṃ	iv	hatthagataṃva	3
264	ṃ	y	ṃ		kakusandhaṃ'y'eva	4
265	ñ	ā	ñā	a	aññāssa	3
266	ñ	a	ña	a	araññ'ajjhāsayā	4
267	n	ā	na	ā	āraññikenāvuso	3
268	ṇ	a	ṇa	a	gahaṇ'aṭṭhena	4
269	ṇ	ā	ṇa	ā	khīṇāsavo	3
270	n	ā	nā	ā	nān'ārammaṇato	3
271	n	ā	na	a	panāyye	3
272	ṇ	ā	ṇā	a	samaṇāmhā	3
273	ñ	ā	ñā	ā	saññādīsu	3
274	n	ā	nā	a	yaṃnūnāhaṃ	3
275	n	a	na	a	yen'amhi	4
276	n	ā	nā	e	ūnā'va	3
277	n	ā	nā	i	ānubhāvenāti	3
278	n	ā	na	i	ānubhāvenāti	3
279	ṇ	ā	ṇā	i	tāragaṇā'va	3
280	n	ā	naṃ	ā	brāhmaṇān'āsuṃ	3
281	n	ā	naṃ	a	dvinn'āhaṃ	3
282	ṇ	ā	ṇe	a	sabbapāṇ'ānukampati	3
283	n	a	ni	a	tānassu	3
284	n	ā	ni	a	tānāssu	3
285	ṇ	a	ṇi	a	tīṇ'aṅgāni	3
286	n	ā	no	a	attan'āttānaṃ	3
287	n	a	no	a	sampann'atthūdha	3
288	n	a	nu	a	najja	3
289	n	ā	nu	a	nan'āyaṃ	3
290	ñ	c	ṃ	c	tiṇañce	3
291	n	d	ṃ	d	bhūmindhara	3
292	n	e	na	e	neso	3
293	n	e	na	i	baḷisen'eva	3
294	n	e	naṃ	e	pañcannetaṃ	3
295	n	e	ne	a	hīne'dhimuttaṃ	3
296	ñ	e	ñe	a	maññe'haṃ	3
297	n	e	ni	e	ṭhānān'etāni	3
298	ṅ	g	ṃ	g	byasanaṅ'gato	3
299	ñ	h	ṃ	h	nibbānogadhañhi	3
300	n	ī	na	i	ken'īdha	3
301	n	i	na	i	panidaṃ	3
302	ṇ	i	ṇa	i	pīṇindriye	3
303	ṇ	ī	ṇā	i	samaṇīdha	3
304	n	ī	naṃ	i	assaddhān'īdha	3
305	ṇ	ī	ṇaṃ	i	samaṇīdha	3
306	n	i	ni	a	ādīnipi	3
307	ñ	i	ñi	a	aññāsamatimaññi'hanti	3
308	n	ī	ni	a	idānī'si	3
309	ṇ	ī	ṇī	a	sikharaṇī'si	3
310	ṇ	i	ṇi	a	tīṇi'ssa	3
311	n	ī	nī	a	utunīmhi	3
312	n	ī	nī	i	añjanīva	3
313	n	i	ni	i	idān'ime	3
314	ṇ	ī	ṇi	i	rathassāṇī'va	3
315	n	ī	ni	i	sāmīcikammānīti	3
316	ṇ	i	ṇi	i	tīṇindriyāni	3
317	ñ	j	ṃ	j	dhanañjānī	3
318	ṅ	k	ṃ	k	khemaṅkarassa	3
319	n	n		n	kacci'n'nu	4
320	ñ	ñ		ñ	pubbāpara'ñ'ñū	4
321	ñ	ñ	ṃ		taññ'eva	3
322	ñ	ñ	ṃ	aññ	tesañ'ñataroyamāyuvā	3
323	n	n	ṃ	n	kinnu	3
324	ñ	ñ	ṃ	y	yaññadeva	3
325	n	o	na	o	paññāsayojanokāse	3
326	ṇ	o	ṇa	u	dakkhiṇodakaṃ	3
327	n	o	na	u	supin'occārapassāvo	3
328	n	o	nī	o	bhikkhun'ovādavaggo	3
329	ñ	o	ño	a	katapuñño'si	3
330	ṇ	o	ṇo	a	otiṇṇomhi	3
331	n	o	no	a	sayānomhi	3
332	n	o	no	i	jhānoti	3
333	n	o	nu	i	āyasmānoti	3
334	n	t	ṃ	it	neyyanti	3
335	n	t	ṃ	t	idantaṃ	3
336	n	t	n	it	khīṇan'teva	3
337	n	u		u	vehāsā'n'upasaṅkamiṃ	4
338	ṇ	u	ṇa	u	gaṇaṅgaṇupāhanā	3
339	n	u	na	u	iddhibalenupatthaddho	3
340	ñ	ū	ñā	u	saññ'ūpāyaṃ	3
341	n	u	nā	u	sen'uyyodhikaṃ	3
342	n	ū	na	u	udakādhān'ūpamāyo	3
343	n	ū	nā	u	vedanūpāyaṃ	3
344	ṇ	ū	ṇa	u	veṇūpamena	3
345	ñ	ū	ñū	a	akataññū'si	3
346	n	u	nu	a	nujja	3
347	n	u	nu	e	nuttha	3
348	n	u	nu	i	nanume	3
349	o	p	o	ap	tissopi	3
350	o	t	o	it	pahātabboti	3
351	o	v	o	ev	esovetassa	3
352	o	v	o	iv	kukkurova	3
353	o	y	o		etaparamo'y'eva	4
354	p	a	api	a	mayhaṃpatthi	3
355	p	ā	api	ā	yampāvuso	3
356	p	ā	pa	a	appādhikaraṇaṃ	3
357	p	ā	pā	a	japp'ābhilepanaṃ	3
358	p	ā	pa	ā	kassapādi	2
359	p	a	pa	a	sūp'atthāya	4
360	p	ā	pi	a	apāhaṃ	3
361	p	ā	pi	ā	apāvuso	3
362	p	a	pi	a	etampahaṃ	3
363	p	ā	po	a	abhisāp'āyaṃ	3
364	p	ā	po	ā	āp'ādīsupi	3
365	p	e	api	e	brahmunāpesā	3
366	p	e	pe	a	parikappe'nudhāvitā	3
367	p	e	pe	i	antodīpe'va	3
368	p	e	pi	e	apetthekacco	3
369	p	i	ap	i	pidhekacce	3
370	p	i	api	a	evampissa	3
371	p	i	api	i	pidhekacce	3
372	p	i	pi	a	khattiyopi'ssāssāti	3
373	p	ī	pi	i	kap'īva	3
374	p	i	pi	i	sabbepime	3
375	p	o	po	a	abhisāpoyaṃ	3
376	p	p		p	na'p'patirūpaṃ	4
377	p	p	d	p	tappaṭibhāgaṃ	3
378	p	p	p		tappaṭibaddhasaṃkilesa'p'pahānavasena	4
379	p	p	pi		app'eva	4
380	p	u	pi	u	yampudāyi	3
381	r	ā		ā	puna'r'āvattanadhammoyeva	4
382	r	ā	rā	ā	accasarāvuso	3
383	r	ā	ra	ā	saṃvarāpajjanā	3
384	r	a	ra	a	saṅkār'aggi	4
385	r	ā	rā	a	satthār'ānuggahito	3
386	r	ā	ra	a	tatrāssudaṃ	3
387	r	ā	ri	ā	accasar'āvuso	3
388	r	ā	ri	a	cattār'āhaṃ	3
389	r	ā	ro	a	anuttar'āyaṃ	3
390	r	e		e	vutti'r'esā	4
391	r	e	ra	e	tatrekassa	3
392	r	e	re	a	ekāgāre'haṃ	3
393	r	e	re	i	āṇidvāre'va	3
394	r	i		i	āraggeriva	4
395	r	i	ra	i	tatrime	3
396	r	i	ri	a	kaṇhasiri'vhayo	3
397	r	ī	rī	a	kiccakārī'ssa	3
398	r	ī	ri	i	atar'īdha	3
399	r	i	ri	i	cattārimāni	3
400	r	i	riṃ	a	acāri'haṃ	3
401	r	o	ra	o	sarīrobhāsena	3
402	r	o	ro	a	mukharosi	3
403	r	o	ro	i	cattārome	3
404	r	u	ra	u	samudācāruppanna	3
405	r	ū	ra	u	tatrūpapatti	3
406	r	ū	rī	u	brahmacār'ūpaddava	3
407	r	u	ru	a	dārutthāya	3
408	s	a	s	ā	parisa'mittañca	3
409	s	ā	sa	a	esāhaṃ	3
410	s	ā	sā	ā	sahas'ādiyitvā	3
411	s	ā	sā	a	sāssa	3
412	s	a	sa	a	tass'aṅgaṇassa	4
413	s	ā	sa	ā	vītamohassāvuso	3
414	s	ā	sa	i	assā'ti	3
415	s	ā	sā	i	ayasā'va	3
416	s	ā	saṃ	a	tesāhaṃ	3
417	s	ā	si	a	ahosāhaṃ	3
418	s	a	si	a	jātipupphamadās'ahaṃ	3
419	s	ā	so	a	es'āvahiyyase	3
420	s	a	su	a	sakes'aṅgesu	3
421	s	ā	su	a	yesāhaṃ	3
422	s	e	sa	e	ariyassetaṃ	3
423	s	e	sa	i	sappass'eva	3
424	s	e	se	a	abbhokāse'tināmayi	3
425	s	e	se	i	ākāse'va	3
426	s	e	si	e	karissas'eko	3
427	s	e	so	e	eseva	3
428	s	ī	sa	i	atthikass'īdha	3
429	s	i	sa	i	tassimaṃ	3
430	s	i	si	a	namassi'haṃ	3
431	s	ī	sī	a	vasī'mhi	3
432	s	ī	si	i	gahitosī'ti	3
433	s	ī	sī	i	tapassītiādimāha	3
434	s	i	si	i	tāresimaṃ	3
435	s	i	siṃ	a	namassi'haṃ	3
436	s	o	sā	o	dis'okāsā	3
437	s	o	sa	o	sīs'okkamanaṃ	2
438	s	o	sa	u	phuss'opatisso	3
439	s	o	so	a	somhi	3
440	s	o	so	e	dosova	3
441	s	o	so	i	sadisoti	3
442	s	s		s	chinna's'sarāpi	4
443	s	s	d	s	tassāruppaṃ	3
444	s	u	sa	u	imassuppādā	3
445	s	ū	sa	u	maṃsūpasecano	3
446	s	u	su	a	indriyesumha	3
447	s	u	su	i	apissumaṃ	3
448	s	ū	su	i	kathaṃsūti	3
449	s	ū	su	u	ājānīyasus'ūpamaṃ	3
450	s	u	su	u	pañcasupādāna	3
451	s	v	s	o	alasvassa	3
452	s	v	so	a	svajja	3
453	t	a	tā	a	ettāvat'aggampi	3
454	ṭ	ā	ṭa	ā	makkaṭādi	3
455	t	ā	ta	ā	navanītādīni	3
456	t	ā	ta	a	nissutāssa	3
457	t	a	ta	a	paṇīt'aṭṭhena	4
458	t	ā	tā	ā	rājamahāmattādayo	3
459	t	ā	tā	a	tāhaṃ	3
460	t	ā	tā	i	amantāti	3
461	t	ā	ta	i	pattāti	3
462	t	ā	taṃ	a	dīgharattāhaṃ	3
463	t	ā	ti	ā	ijjhat'āvuso	3
464	t	a	ti	a	jhāyatassu	3
465	t	ā	ti	a	sammāpaṭipattādhikaraṇahetu	3
466	t	ā	to	a	bhindant'āyaṃ	3
467	t	ā	to	ā	tat'āgacchi	3
468	t	a	to	a	yācit'assā	3
469	t	ā	tu	ā	yāpet'āyasmā	3
470	t	e	te	a	te'bhirattā	3
471	t	e	te	i	pokkharapatt'eva	3
472	t	e	ti	e	sant'ettha	3
473	t	e	to	e	kut'ettha	3
474	t	e	tu	e	tiṭṭhat'etaṃ	3
475	t	i	iti	a	ti'ssa	3
476	t	i	ta	i	vat'idaṃ	3
477	t	ī	tī	a	paggharantī'si	3
478	t	i	ti	a	sati'haṃ	3
479	t	i	ti	e	pārāyanant'eva	3
480	t	i	ti	i	it'iha	3
481	t	ī	ti	i	ñāt'īdha	3
482	t	ī	tī	i	ñātī'va	3
483	ṭ	o	ṭo	a	āvaṭṭosi	3
484	t	o	to	a	kutossa	3
485	t	o	to	i	gatimantoti	3
486	ṭ	o	ṭo	i	paṭṭoti	3
487	t	o	to	o	yatodhi	3
488	ṭ	ṭ		ṭ	majjha'ṭ'ṭhāne	4
489	t	t		t	maṅgala't'thambhaṃ	4
490	ṭ	ṭ	ṭ		āsava'ṭ'ṭhānīyā	4
491	t	ū	ta	u	cittūpahāraṃ	3
492	ṭ	u	ṭa	u	sakaṭ'uttaraṇabhatīti	3
493	t	u	ta	u	satubbedhaṃ	3
494	t	u	tā	u	sayant'uttānaseyyakā	3
495	ṭ	ū	ṭa	u	vivaṭṭ'ūpanissitaṃ	3
496	t	ū	ti	u	bhavat'ūpapatti	3
497	t	u	ti	u	nādiyissant'upajjhāye	3
498	t	u	to	u	tatuttariṃ	3
499	t	u	tu	a	dhātu'dhimutti	3
500	t	ū	tu	a	kaṭacchubhikkhahetū'pi	3
501	t	u	tu	u	māt'upacāranāmena	3
502	t	ū	tu	u	yaññamut'ūpasevanā	3
503	t	ū	tu	up	ut'ūpasevanā	3
504	t	u	tuṃ		vitthāretu'kamyatā	3
505	t	u	tuṃ	a	kātu'yye	3
506	t	v	t	u	tv'evidaṃ	3
507	t	v	ti		caṇḍot'v'eva	4
508	t	y	t	e	kāyagatāty'atthu	3
509	t	y	t	i	dev'ūpapatyassa	3
510	t	y	tti		vepacity'asuro	4
511	t	y	tti	a	vipaty'anta	3
512	u	k	uṃ	k	patiṭṭhapetukāmo	3
513	u	p	u	ap	mātupi	3
514	ū	p	ū	ap	ṭhitabhikkhūpi	3
515	u	r	u		tejodhātu'r'evesā	4
516	ū	t	u	it	nighaṇḍūti	3
517	ū	t	ū	it	pāragūti	3
518	ū	v	ū	ev	bhikkhūva	3
519	u	y	u		asu'y'eva	4
520	v	ā	eva	a	iminā'v'ārahāmevāhaṃ	3
521	v	ā	o	ā	gvākappaṃ	3
522	v	a	o	a	khvayye	3
523	v	ā	o	a	yvāssu	3
524	v	ā	u	ā	bahvābādho	3
525	v	a	u	a	nvayaṃ	3
526	v	ā	u	a	sv'ānussutaṃyeva	3
527	v	ā	va	a	evāhaṃ	3
528	v	ā	va	ā	mamevārabbha	3
529	v	a	va	a	nev'attabyābādhāya	3
530	v	ā	va	ā	ādīnav'ānisaṃsa	3
531	v	ā	vā	ā	puḷav'āvasathe	3
532	v	ā	vā	a	vāssa	3
533	v	ā	vā	i	sitvā'va	3
534	v	ā	va	i	yevāti	3
535	v	ā	vaṃ	a	ev'āhaṃ	3
536	v	ā	ve	ā	duv'āyusā	3
537	v	ā	vi	a	dv'āhaṃ	3
538	v	ā	vī	ā	pathav'āpaggisamāno	3
539	v	e	o	e	khvettha	3
540	v	e	u	e	tveva	3
541	v	e	va	e	evettha	3
542	v	e	vā	e	v'eko	3
543	v	e	va	i	tavedaṃ	3
544	v	e	ve	i	dvemā	3
545	v	i	o	i	khvidha	3
546	v	i	va	i	evime	3
547	v	ī	vī	a	medhāvī'si	3
548	v	i	vi	i	dvindriyo	3
549	v	i	viṃ	a	asevi'haṃ	3
550	v	o	va	o	dhaṅkamiv'ossajantīti	3
551	v	o	va	u	āsīvisamivoragaṃ	3
552	v	o	vo	a	parisuddhājīvo'hamasmi	3
553	v	ū	vā	u	dev'ūpapatyassa	3
554	v	u	va	u	nevussādanā	3
555	v	ū	va	u	tamevūpekkhaṃ	3
556	y	a	e	a	ty'atthu	3
557	y	ā	e	a	tyāhaṃ	3
558	y	ā	e	ā	tyāvuso	3
559	y	ā	i	ā	hessaty'ājāniyo	3
560	y	a	i	a	satyassa	3
561	y	ā	iṃ	ā	kyādīsupi	3
562	y	ā	iṃ	a	kyāhaṃ	3
563	y	a	ya	a	gomay'aggi	4
564	y	ā	ya	ā	huveyy'āvuso	3
565	y	ā	ya	a	sudhammāy'ābhito	3
566	y	ā	yā	a	yāhaṃ	3
567	y	ā	yā	i	sampaliveṭheyyā'ti	3
568	y	ā	ya	i	sampaliveṭheyyā'ti	3
569	y	a	yaṃ	a	āhareyy'assāhaṃ	3
570	y	ā	yaṃ	a	yāhaṃ	3
571	y	a	yo	a	bhiyy'assuppajjate	3
572	y	e		e	y'eva	4
573	y	e	ya	e	ariyāy'etaṃ	3
574	y	e	yā	e	mahiy'ekarattivāso	3
575	y	e	ye	a	tayepi	3
576	y	e	ye	i	ye'me	3
577	y	i		i	y'ito	4
578	y	i	ya	i	kāy'indriyo	3
579	y	i	yi	a	ajāy'ihaṃ	3
580	y	ī	yī	a	maggakkhāyī'haṃ	3
581	y	o	ya	o	mahāmāluky'ovāde	3
582	y	o	ya	u	dassanāy'opasaṅkama	3
583	y	o	yo	a	yo'yaṃ	3
584	y	o	yo	i	tayo'me	3
585	y	ū	aṃ	u	kukkucciy'ūpachinde	3
586	y	u	ya	u	ācariy'upajjhāyānaṃ	3
587	y	ū	yā	u	chāy'ūdaka	3
588	r	a		a	dhi'r'atthumaṃ	4
589	h	u	hu	i	dhiratthu'maṃ	3
590	p	i	pa	i	catuddīp'issaro	3
591	p	o	pa	o	dīp'obhāsopi	3
592	m	o	ma	o	jalitabyām'obhāsaṃ	3
593	t	o	ta	u	paritt'odakassa	3
594	r	o	ra	u	yugandhar'oditaṃ	3
595	h	a	haṃ	a	kath'ajja	3
596	h	o	ho	e	ubho'tthamaparājitāti	3
597	ṇ	o	ṇa	o	pasāraṇ'okāsaṃ	3
598	ñ	i	ñe	i	maññ'idaṃ	3
599	s	u	si	u	maṃsapes'upamā	3
600	s	ū	si	u	maṃsapes'ūpamā	3
601	j	u	jā	u	pabbajj'upasampadā	3
602	t	i	tu	i	dhāt'indriyāni	3
603	t	ī	tu	ī	dhāt'īritā	3
604	t	ū	tu	ū	dhīt'ūrū	3
605	n	ī	ni	ī	bhikkhun'īritaṃ	3
606	n	ū	nī	ū	rājīn'ūrū	3
