missing word	lemma_1	pos	grammar	meaning_1	construction	notes	compound_type	compound_construction	proceed	marks
mahākhandhako	mahākhandhaka	masc		the great chapter	mahā + khandhaka				y	
bodhikathā	bodhikathā	fem		the account with the Bodhi tree; the discourse about the Bodhi tree	bodhi + kathā				y	
kulupacchedāya	kulupaccheda	masc		breaking up good families	kula + upaccheda				y	
jaṭilasahassaṃ	jaṭilasahassa	masc		a thousand dreadlocked ascetics	jaṭila + sahassa				y	
sañcayāni	sañcaya	nt		name of a ascetic teacher; lit. victory 					y	
sañjeyyāni									n	
netvāna	netvāna	abs		 having carried; having taken					y	
sañjeyyake									n	
catutthabhāṇavāro	catutthabhāṇavāra	masc		the fourth section for recitation	catuttha + bhāṇavāra				y	
upajjhāyavattakathā	upajjhāyavattakathā	fem		the discussion of duties toward a preceptor	upajjhāya + vatta + kathā				y	
anovadiyamānā	anovadiyamāna	prp		not being admonished	ano+vadiyamāna				y	
ananusāsiyamānā	ananusāsiyamāna	prp		not being taught	anu + anusāsiyamāna				y	
uparibhojanepi	uparibhojana	nt		over staple food	upari + bhojana				y	
uparikhādanīyepi	uparikhādanīya	nt		over non-staple foods	upari + khādanīya				y	
uparisāyanīyepi	uparisāyanīya	nt		over delicacies	upari + sāyanīya				y	
uparipānīyepi	uparipānīya	nt		over drinks	upari + pānīya				y	
brāhmaṇabhojaneti	brāhmaṇabhojana	nt		a brahman meal	brāhmaṇa + bhojana 				y	
puttacittaṃ	puttacitta	nt		attitude as towards son; lit. son-mind	putta + citta				y	
pitucittaṃ	pitucitta	nt		attitude as towards father; lit. father-mind	pitu + citta				y	
ādayosaddhivihārikena									n	
paṭinivāsanaṃ	paṭinivāsana	nt		lower robe/sarong given in return	paṭi + nivāsana				y	
nivāretabbo	nivāretabba	ptp		he should stop					y	
upanikkhipitabbaṃ	upanikkhipitabba	ptp		should deposit near, should place down close (to); lit. should throw down near 					y	
otāpetabbaṃ	otāpetabba	ptp 		should dry, should sun					y	
nidahitabbaṃ	nidahitabba	ptp		should lay down, should lay aside					y	
saṅgharitabbaṃ	saṅgharitabba	ptp 		should bring together, should collect, should accumulate 					y	
saṅgharantena	saṅgharanta	prp		bringing together, collecting, accumulating 					y	
bhuñjitukāmo	bhuñjitukāma	adj		wanting to eat	bhuñjituṃ + kāma 				y	
otāpetabbo	otāpetabba	ptp 		should dry, should sun					y	
nidahitabbo	nidahitabba	ptp		should lay down, should lay aside					y	
heṭṭhāmañcaṃ	heṭṭhāmañca	masc		under the bed 	heṭṭhā + mañca				y	
heṭṭhāpīṭhaṃ	heṭṭhāpīṭha	nt		under the bench	heṭṭhā + pīṭha				y	
nahāyitukāmo	nahāyitukāma	adj		wishing to take a bath wishing to bathe	nahāyituṃ + kāma				y	
paṭiyādetabbaṃ	paṭiyādetabba	ptp		should prepare					y	
sannetabbaṃ	sannetabba	ptp		should knead					y	
temetabbā	temetabba	ptp		should moisten					y	
jantāgharapīṭhaṃ	jantāgharapīṭha	nt		sauna bench	jantāghara + pīṭha				y	
pamajjitabbaṃ	pamajjitabba	ptp		should rub					y	
uddisāpetukāmo	uddisāpetukāma	adj		wanting to recite	uddisāpetuṃ + kāma				y	
uddisitabbo	uddisitabba	ptp		should recite					y	
paripucchitukāmo	paripucchitukāma	adj		wanting to question	paripucchituṃ + kāma				y	
asaṅghaṭṭentena	asaṅghaṭṭenta	prp		without knocking against; without knocking together	na + saṅghaṭṭenta				y	
mañcapaṭipādakā	mañcapaṭipādaka	masc		bad support	mañca + paṭipādaka				y	
ohāretabbaṃ	ohāretabba	ptp		should remove					y	
ālokasandhikaṇṇabhāgā	ālokasandhikaṇṇabhāga	masc		?window frame (and) corner	ālokasandhi + kaṇṇa + bhāga				y	
pamajjitabbā	pamajjitabba	ptp		should wipe					y	
gerukaparikammakatā	gerukaparikammakata	adj?		treated with red ocher, decorated with red chalk	geruka + parikamma + kata				y	
paripphositvā	paripphositvā	abs		having sprinkled					y	
uhaññīti	uhaññi	aor		was disturbed, was sturred					y	
otāpetvā	otāpetvā	abs		having dried					y	
yathāṭhāne	yathāṭhāna	nt		proper place	yathā + ṭhāna				y	
thaketabbā	thaketabba	ptp		should close					y	
āsiñcitabbaṃ	āsiñcitabba	ptp		should pour					y	
vūpakāsetabbo	vūpakāsetabba	ptp		should take away, should allay, should send away					y	
vūpakāsāpetabbo	vūpakāsāpetabba	ptp		should cause to take away; should get (someone else) to allay; should have sent away					y	
vinodetabbaṃ	vinodetabba	ptp		should dispel					y	
vinodāpetabbaṃ	vinodāpetabba	ptp		should cause to dispel, should get (someone else) to dispel, should have dispelled					y	
vivecetabbaṃ	vivecetabba	ptp		should dissuade, should pry away, should make give up					y	
vivecāpetabbaṃ	vivecāpetabba	ptp		should cause to dissuade, should get (someone else) to pry away, should have (someone else) to make give up					y	
parivāsāraho	parivāsāraha	adj		deserving a probation	parivāsa + araha				y	
paṭikassanāraho	paṭikassanāraha	adj		deserving to be sat back	paṭikassana + araha				y	
mānattāraho	mānattāraha	adj		deserving a penance	mānatta + araha				y	
abbhānāraho	abbhānāraha	adj		deserving a rehabilitation	abbhāna + araha				y	
niyasaṃ									n	
dhoviyethāti	dhoviyati	pr		is washed					y	
paciyethāti	paciyati	pr		is boiled					y	
rajetabbaṃ	rajetabba	ptp		should be dyed 					y	
chedetabbā	chedetabba	ptp		should cut					y	
veyyāvacco	veyyāvacca	masc		attendant, steward					y	
kārāpetabbo	kārāpetabba	ptp		should cause to act as, should have (someone) act as					y	
nīharāpetabbo	nīharāpetabba	ptp		sould have (someone) brought back, sould get (someone) brought back					y	
vuṭṭhānamassa	vuṭṭhānamassa	sandhi		his recovery; lit. standing up of him	vuṭṭhānaṃ + assa				y	
āgametabbanti	āgametabbanti	sandhi			āgametabbaṃ + iti				n	
upajjhāyavattaṃ	upajjhāyavatta	nt		the proper conduct toward the preceptor, duty toward a preceptor	upajjhāya + vatta				y	
saddhivihārikavattakathā	saddhivihārikavattakathā	fem		discussion of the proper conduct toward a student	saddhivihārika + vatta + kathā				y	
anuggahetabbo	anuggahetabba	ptp		should be encoraged, should take care,  lit. should be taken	anu + gahetabba				y	
rajiyethāti	rajiyati	pr		is dyed					y	
saddhivihārikavattaṃ	saddhivihārikavatta	nt		the proper conduct toward the student, duty toward a student	saddhivihārika + vatta				y	
paṇāmitakathā	paṇāmitakathā	fem		discussion on dismissal, the discussion of dismissed (Students)	paṇāmita + kathā				y	
asammāvattantaṃ	asammāvattanta	prp?		not behaving properly, not behaving rightly	asammā + vattanta				y	
paṇāmetuṃ	paṇāmetuṃ	inf		to dismiss					y	
paṇāmetabbo	paṇāmetabba	ptp		should dismiss					y	
khamāpetabbo	khamāpetabba	ptp		should apologise, should ask for forgiveness					y	
khamāpiyamānā	khamāpiyamānā	prp		being asked for forgiveness					y	
khamitunti	khamituṃ	inf		to ask forgiveness, to apologise					y	
khamāpiyamānena	khamāpiyamāna	prp		being asked for forgiveness					y	
sammāvattantaṃ	sammāvattanta	prp?		behaving properly, behaving rightly	sammā + vattanta				y	
sammāvattanto	sammāvattanta	prp?		behaving properly, behaving rightly	sammā + vattanta				y	
asammāvattanto	asammāvattanta	prp?		not behaving properly, not behaving rightly	asammā + vattanta				y	
nādhimattaṃ	nādhimatta	adj		not strong	na + adhimatta				y	
nādhimatto	nādhimatta	adj		not strong	na + adhimatta				y	
nādhimattā	nādhimatta	adj		not strong	na + adhimatta				y	
appaṇāmento	appaṇāmenta	prp		not dismissing	na + paṇāmenta				y	
upasampannasamanantarā	upasampannasamanantarā	ind		immediately after full ordination	upasampanna + samanantara				y	
atirekalābho	atirekalābha	masc		additional allowance, extra allowance	atireka + lābha				y	
upajjhāyavattabhāṇavāro	upajjhāyavattabhāṇavāra	masc		the section for recitation on the proper conduct toward the preceptor; the recitation section on duties toward a preceptor	upajjhāya + vatta + bhāṇavāra				y	
pañcamabhāṇavāro	pañcamabhāṇavāra	masc		the fifth section for recitiation 	pañcama + bhāṇavāra				y	
ācariyavattakathā	ācariyavattakathā	fem		the discussion of duties toward a teacher, discussion of the proper conduct toward a teacher	ācariya + vatta + kathā				y	
ūnadasavaggena	ūnadasavagga	masc		group of less than ten, group of fewer than ten	ūna + dasavagga				y	
atirekadasavaggena	atirekadasavagga	masc		group of more than ten	atireka + dasavagga				y	
ovadiyo	ovadiya	adj		admonished, instucted					y	
anusāsiyo	anusāsiya	adj		teaching					y	
atilahuṃ	atilahuṃ	ind		too quickly	ati + lahuṃ				y	
gaṇabandhikaṃ	gaṇabandhika	masc?		forming a group	gaṇa + bandhika				y	
atirekadasavassena	atirekadasavassa	adj		of more than ten's year' standing	atireka + dasavassa				y	
uddisāpetabbo	uddisāpetabba	ptp		should recite, should cause to resite, should make recite					y	
chedāpetabbā	chedāpetabba	ptp		should have (it) cut, should cause to cut, should make (it) cut					y	
kārāpetabbaṃ	kārāpetabba	ptp		should cause to do, should cause to do, sould have (it) performed					y	
ācariyavattaṃ	ācariyavatta	nt		the duty toward a teacher	ācariya + vatta				y	
antevāsikavattakathā	antevāsikavattakathā	fem		the discussion of the duties toward a pupil	antevāsika + vatta + kathā				y	
antevāsikavattaṃ	antevāsikavatta	nt		the duty toward a student	antevāsika + vatta				y	
chaṭṭhabhāṇavāro	chaṭṭhabhāṇavāro	masc		sixth recitation cycle	chaṭṭha + bhāṇavāro				y	
paṇāmanā	paṇāmana	nt		dismissal					y	
bālaabyattavatthu	bālaabyattavatthu	nt		theignorant and incompetent, the discussion of inexperienced, incompetent 	bāla + abyatta + vatthu				y	
nissayapaṭippassaddhikathā	nissayapaṭippassaddhikathā	fem		discussion of the ending of formal support, discussion of the ending of dependence	nissaya + paṭippassaddhi + kathā				y	
nissayapaṭippassaddhiyo	nissayapaṭippassaddhi	fem		ending of formal support, ending of dependence	nissaya + paṭippassaddhi				y	
samodhānagato	samodhānagata	pp		reunited	samodhāna + gata				y	
nissapaṭippassaddhikathā									n	
upasampādetabbapañcakaṃ	upasampādetabbapañcaka	nt		the five requirements for giving the full ordination, sets of five on who should give acceptance	upasampādetabba + pañcaka				y	
ācāravipanno	ācāravipanna	pp		failed in conduct	ācāra + vipanna				y	
atidiṭṭhiyā	atidiṭṭhi	fem		highter views	ati + diṭṭhi				y	
diṭṭhivipanno	diṭṭhivipanna	pp		failed in views	diṭṭhi + vipanna				y	
atirekadasavasso	atirekadasavassa	adj		of more than ten's year' standing	atireka + dasavassa				y	
upasampādetabbachakkaṃ	upasampādetabbachakka	nt		the six requirements for giving the full ordination, sets of six on who should give acceptance	upasampādetabba + chakka				y	
chahaṅgehi	chahaṅga	nt		six qualities	chahi + aṅga				y	
aññatitthiyapubbakathā	aññatitthiyapubbakathā	fem		discussion on those who have been monastics of another religion, the discussion of those previously a member of another religion	añña + titthiya + pubba + kathā				y	
pasuraparibbājako	pasuraparibbājaka	masc		many ascetics	pasura + paribbājaka				y	
pasura	pasura	adj		many, abundant					y	
bhikkhunigocaro	bhikkhunigocara	adj		frequently visiting nuns; lit. nun pasture	bhikkhunī + gocara				y	
sattamabhāṇavāro	sattamabhāṇavāra	masc		seventh recitation cycle	sattama + bhāṇavāra				y	
pañcābādhavatthu	pañcābādhavatthu	nt		the case of the five diseases	pañca + ābādha + vatthu				y	
gilānupaṭṭhākabhattaṃ	gilānupaṭṭhākabhatta	nt		meal for those nursing the sick, meal for the nurse	gilānupaṭṭhāka + bhatta				y	
rājakiccaṃ	rājakicca	nt		duti to the king	rāja + kicca				y	
rājabhaṭavatthu	rājabhaṭavatthu	nt		 the case of one who is in the king’s service	rājabhaṭa + vatthu				y	
senānāyake	senānāyaka	masc		the minister of the army, the general	senā + nāyaka				y	
senānāyakā	senānāyaka	masc		the minister of the army, the general	senā + nāyaka				y	
chetabbaṃ	chetabba	ptp		should be cut off					y	
upaḍḍhaphāsukā	upaḍḍhaphāsukā	fem		half of the ribs	upaḍḍha + phāsukā				y	
bhañjitabbāti	bhañjitabba	ptp		should be broken					y	
aṅgulimālacoravatthu	aṅgulimālacoravatthu	nt		the story of Aṅgulimāla the criminal	aṅgulimāla + cora + vatthu				y	
kārabhedakacoravatthu	kārabhedakacoravatthu	nt		 the case of the escaped criminal, the case of the criminal who had broken out of prison	kārabhedaka + cora + vatthu				y	
abhayūvarā	abhayūvara	masc		untoucheble, unrestrained by fear	?na + bhaya + vara				y	
likhitakacoravatthu	likhitakacoravatthu	nt		 the case of the wanted criminal, the case of the criminal for whom a warrant had been written	likhitaka + cora + vatthu				y	
kasāhatavatthu	kasāhatavatthu	nt		the one who had been whipped, the case of the man who had been whipped	kasāhata + vatthu				y	
kasāhato	kasāhata	pp		?whipped, caned	kasā + hata				y	
katadaṇḍakammo	katadaṇḍakamma	nt		?punished, penalty	kata + daṇḍa + kamma				y	
katadaṇḍakammaṃ	katadaṇḍakamma	nt		?punished, penalty	kata + daṇḍa + kamma				y	
lakkhaṇāhatavatthu	lakkhaṇāhatavatthu	nt		 the case of the one who had been branded, the case of the man who had been branded	lakkhaṇa + āhata + vatthu				y	
lakkhaṇāhato	lakkhaṇāhata	pp		branded	lakkhaṇa + āhata				y	
lakkhaṇāhataṃ	lakkhaṇāhata	pp		branded	lakkhaṇa + āhata				y	
iṇāyikavatthu	iṇāyikavatthu	nt		the case of the one in debt, the case of the debtor	iṇāyika + vatthu				y	
dāsavatthu	dāsavatthu	nt		the case of the slave	dāsa + vatthu				y	
kammārabhaṇḍuvatthu	kammārabhaṇḍuvatthu	nt		the case of the shaven-headed (young) metal smith	kammārabhaṇḍu + vatthu				y	
apaloketuṃ	apaloketuṃ	inf		to obtains permission, to inform					y	
upālidārakavatthu	upālidārakavatthu	nt		the story of the boy Upāli 	upālidāraka + vatthu				y	
ahivātakarogavatthu	ahivātakarogavatthu	nt		the case of the deadly and contagious disease, the case of cholera	ahivātakaroga + vatthu				y	
pitāputtakā	pitāputtaka			father (and) little son	pitā + puttaka				y	
ūnapannarasavasso	ūnapannarasavassa	masc		less than 15 years old	ūna + pannarasa + vassa				y	
apasādiyamānā	apasādiyamāna	prp		being driven away, being dismissed	api + asādiya + māna				y	
ūnapannarasavassā	ūnapannarasavassa	masc		less than 15 years old	ūna + pannarasa + vassa				y	
uḍḍāpetunti	uḍḍāpetuṃ	inf		to scare away, to chase away					y	
ūnapannarasavassaṃ	ūnapannarasavassa	masc		less than 15 years old	ūna + pannarasa + vassa				y	
kaṇṭakavatthu	kaṇṭakavatthu	nt		the case of Kaṇṭaka, Kaṇṭaka	kaṇṭaka + vatthu				y	
āhundarikavatthu	āhundarikavatthu	nt		the case of crowding, the obscure	āhundarika + vatthu				y	
gacchānanda	gacchānanda	masc		go, Ānanda	gaccha + ānanda				y	
paccāgantabbaṃ	paccāgantabba	ptp		would come back	pati + āgantabba				y	
lahucittakata	lahucittakata	pp		appeared frickle	lahucitta + kata				y	
nissayamuccanakakathā	nissayamuccanakakathā	fem		discussion of release from formal support, the case of release from dependence	?nissaya + muccanaka + kathā				y	
ūnapañcavasso	ūnapañcavassa	adj		less than five years of seniority, fewer than five rains	ūna + pañcavassa				y	
pañcavasso	pañcavassa	masc		five years of seniority, five rains	pañca + vassa				y	
pañcakadasavāro	pañcakadasavāra	masc		he section consisting of ten groups of five	pañcaka + dasa + vāra				y	
atirekapañcavasso	atirekapañcavassa	masc		five or more years of seniority, five rains or more	atireka + pañcavassā				y	
abhayūvarabhāṇavāro	abhayūvarabhāṇavāra	masc		 section for recitation on untouchables	abhayūvara + bhāṇavāra				y	
aṭṭhamabhāṇavāro	aṭṭhamabhāṇavāra	masc		eight section for recitation	aṭṭhama + bhāṇavāra				y	
rāhulavatthu	rāhulavatthu	nt		the case of Rāhula	rāhula + vatthu				y	
rāhulamātā	rāhulamātar	fem		Rāhula’s mother	rāhula + mātar				y	
sāmaṇerapabbajjaṃ	sāmaṇerapabbajjā	fem		the going forth as a novice monk, the going-forth for a novice	sāmaṇera + pabbajjā				y	
puttapemaṃ	puttapema	nt		affection for a son	putta + pema				y	
sikkhāpadakathā	sikkhāpadakathā	fem		discussion of training rules	sikkhāpada + kathā				y	
daṇḍakammavatthu	daṇḍakammavatthu	nt		the case of punishment	daṇḍakamma + vatthu				y	
mukhadvārikaṃ	mukhadvārika	masc		mouth	mukha + dvārika				y	
anāpucchāvaraṇavatthu	anāpucchāvaraṇavatthu	nt		the case of the prohibition made without having taken leave, the case of the  prohibiting without asking permission	anāpucchā + āvaraṇa + vatthu				y	
apalāḷanavatthu	apalāḷanavatthu	nt		the case of luring away 	apalāḷana + vatthu				y	
kaṇṭakasāmaṇeravatthu	kaṇṭakasāmaṇeravatthu	nt		the case of Kaṇṭaka the novice	kaṇṭaka + sāmaṇera + vatthu				y	
paṇḍakavatthu	paṇḍakavatthu	nt		the case of the paṇḍakas 	paṇḍaka + vatthu				y	
moḷigalle	moḷigalla	adj		fat, hefty	moḷi + galla				y	
hatthibhaṇḍe	hatthibhaṇḍa	nt		elephant-trainer, elephant keeper	hatthi + bhaṇḍa				y	
assabhaṇḍe	assabhaṇḍa	nt		horse-trainer, horse keeper	assa + bhaṇḍa				y	
theyyasaṃvāsakavatthu	theyyasaṃvāsakavatthu	nt		the case of affiliation through theft,  the one living in the community by theft	theyyasaṃvāsaka + vatthu				y	
yāvadatthacīvaraṃ	yāvadatthacīvara	nt		the amount of robe-cloth one wants; as many robes as one needs; as much cloth as one needs	yāvadattha + cīvara				y	
cīvaruppādo	cīvaruppāda	masc		whatever robe-cloth is given	cīvara + uppāda				y	
attharitabbaṃ	attharitabba	ptp		should be spread; can be laid out					y	
ullikhitamattena	ullikhitamatta	adj		simply by taking the measure; merely by measuring; if only a measure is taken	ullikhita + ? matta				y	
dhovanamattena	dhovanamatta	adj		simply by cleaning; merely by washing; if it is only washed	dhovana + ? matta				y	
cīvaravicāraṇamattena	cīvaravicāraṇamatta	adj		simply by arranging robe-cloth; merely by arranging the robe-cloth; if the clth is only layed out	cīvaravicāraṇa + matta				y	
chedanamattena	chedanamatta	adj		simply by cutting; merely by cutting; only if it is cut	chedana + matta				y	
bandhanamattena	bandhanamatta	adj		simply by attaching; merely by joining; if pieces are only attached	bandhana + matta				y	
ovaṭṭiyakaraṇamattena	ovaṭṭiyakaraṇamatta	adj		simply by folding a seam; merely by making a seam; if only a seam is made	ovaṭṭiya + karaṇa + matta				y	
ovaṭṭeyyakaraṇamattena									n	
ovadeyyakaraṇamattena									n	
kaṇḍusakaraṇamattena	kaṇḍusakaraṇamatta	adj		simply by marking; merely by making a mark; if it is only marked	kaṇḍusu + karaṇa + matta				y	
daḷhīkammakaraṇamattena	daḷhīkammakaraṇamatta	adj		simply by strengthening; merely by strengthening; if it is only stiffened	daḷhī + karaṇa + matta				y	
anuvātakaraṇamattena	anuvātakaraṇamatta	adj		merely by adding a side boarder; simply by attaching a vertical boarder; if only a side boarder is added	daḷhī + karaṇa + matta				y	
paribhaṇḍakaraṇamattena	paribhaṇḍakaraṇamatta	adj		simply by attaching a horizontal boarder; merely by adding a top or bottom boarder; if only a horizontal boarder is added	daḷhī + karaṇa + matta				y	
ovaddheyyakaraṇamattena	ovaddheyyakaraṇamatta	adj		simply by patching; merely by adding a patch; if only a patch is added	daḷhī + karaṇa + matta				y	
kambalamaddanamattena	kambalamaddanamatta	adj		simply by dying; merely by washing a cloth in dye; lit: threshing a woolen cloth	kālaṃ + maddana + matta				y	
nimittakatena	nimittakata	adj		an indication (that) has been made; pointed out; 	nimitta + kata				y	
parikathākatena	parikathākata	adj		hinting; making a hint; has been requested	parikathā + kata				y	
atirekapañcakena	atirekapañcaka	adj		five or more; at least five;	atireka + pañcaka				y	
samaṇḍalīkatena	samaṇḍalīkata	adj		with	sa + maṇḍalī + kata				y	
nissīmaṭṭho	nissīmaṭṭha	masc		outside (a boundary)	nissīmā + aṭṭha				y	
ahatakappena	ahatakappa	? adj		brand new; lit: a thing that is clean and suitable	ahata + kappa				y	
animittakatena	animittakata	adj		unmarked; without a marking;	na + nimitta + kata				y	
asannidhikatena	asannidhikata	adj		is not stored; has been received recently; 	na + sannidhi + kata				y	
pakkamanantikā	pakkamanantika	adj		departs; leaves; begins traveling	pakkamanaṃ + antikā				y	
sanniṭṭhānantikā	sanniṭṭhānantika	adj		has concluded; has finished	saniṭṭhāna + antikā 				y	
nāsanantikā	nāsanantika	adj		destroyed; lost	nāsana + antika				y	
savanantikā	savanantika	adj		hears (about the end of the robe season); learns of the end of the season; realizes the season is over	savana+ antika				y	
atikkantikā	atikkantikā	fem		transgressing, overstepping the bounds					y	
sīmātikkantikā	sīmātikkantika	adj		outside the boundary; beyond the (monastery) zone	sīmā + atikkantikā				y	
sahubbhārāti	sahubbhāra	masc		ending together; communal ending	saha + ubbhāra + iti 				y	
saubbhārāti	saubbhāra	masc		ending alone; finishing by oneself	sa + ubbhāra + iti 				y	
ādāyasattakaṃ	ādāyasattaka	nt		the group with seven	ādāya + sattaka 				y	
katacīvaraṃ	katacīvara	nt		finished robe; completed robe; made robe	kata + cīvara 				y	
pakkamanantiko	pakkamanantika	adj		the time of departing; if one leaves; when going away	pakkamanaṃ + antika				n	
bahisīmagatassa	bahisīmagata	adj		passed beyond the boundary; gone outside the zone; outside the limit (of the monastery)	bahi + sīma + gata				y	
nevimaṃ	nevima			I will not; do not intend to; I won’t					y	
sanniṭṭhānantiko	sanniṭṭhānantika	adj		the time of concluding; if one finishes; when done	sanniṭṭhāna + antika				n	
nāsanantiko	nāsanantika	adj		(? the time of) destroying; if damaged; 	nāsana + antika				n	
bahisīmagato	bahisīmagata	adj		passed beyond the boundary; gone outside the zone; outside the limit (of the monastery)	bahi + sīma + gata				n	
savanantiko	savanantika	adj		hears (about the end of the robe season); learns of the end of the season; realizes the season is over	savana+ antika				n	
samādāyasattakaṃ	samādāyasattaka	nt		group of seven on “with” 	? saṁ + ādāya + sattaka 				y	
ādāyachakkaṃ	ādāyachakka	nt		group of six on “takes” 	? ādāya + chakka				y	
vippakatacīvaraṃ	vippakatacīvara	nt		unfinished robe-cloth	vippakata + cīvara 				y	
samādāyachakkaṃ	samādāyachakka	nt		group of six on “with” 	samādāya + chakka 				y	
ādāyapannarasakaṃ	ādāyapannarasaka	nt		group of fifteen on “receiving” 	ādāya + pannarasaka 				y	
samādāyapannarasakādi	samādāyapannarasaka	nt		group of fifteen on “receiving” 	samādāya + pannarasaka 				y	
vippakatasamādāyapannarasakaṃ	vippakatasamādāyapannarasaka			group of fifteen on “with an unfinished”; group of fifteen on “with an incorrect”	vippakata + samādāya + pannarasaka 				y	
ādāyabhāṇavāro	ādāyabhāṇavāra	masc		section for recitation on “takes”	ādāya + bhāṇavāra				y	
anāsādoḷasakaṃ	anāsādoḷasaka	nt		set of twelve on “not as expected”	anāsā + doḷasaka				y	
upacchijjati									n	
anāsādvādasakaṃ									n	
āsādoḷasakaṃ									n	
karaṇīyadoḷasakaṃ	karaṇīyadoḷasaka	nt		group of twelve on “business” 	karaṇīya + doḷasakaṃ				y	
apavilāyananavakaṃ	apavilāyananavaka			 group of nine on “without taking” 					n	
disaṃgamiko									n	
apavilāyamāno	apavilāyamāna	masc		did not receive; without taking	api + avinaya + māna				n	
apavinayamāno									n	
apacinayamāno									n	
disaṃgataṃ									n	
phāsuvihārapañcakaṃ	phāsuvihārapañcaka	nt		group of five on “meditation going well” 	phāsuvihāra + pañcaka 				y	
phāsuvihāriko	phāsuvihārika	adj		pleasantly abiding; living in comfort; whose meditation is going well	phāsu + vihārika				y	
palibodhāpalibodhakathā	palibodhāpalibodhakatha	adj		Discussion on obstacles and removal of obstacles	palibodhā + palibodha + kathā 				y	
āvāsapalibodho	āvāsapalibodha	masc		monastery obstacle (for completing the kathīna); (kathīna) obstruction;  based on the monastery; monastery factor for continuation of robe season	āvāsa + palibodha				y	
cīvarapalibodho	cīvarapalibodha	masc		robe cloth obstacle (for completing the kathīna); (kathīna) obstruction based on robe-cloth; robe-cloth factor for continuation of robe season					y	
sāketukkaṇṭhitā	sāketukkaṇṭhita	pp		discontented in Sāketa; stayed unhappily in a Kosalan town; uncomfortable stay in Sāketa	sāketa + ukkaṇṭhita				y	
apavilānā									n	
apavilāyamāneva									n	
apavinā									n	
palibodhāpalibodhā	palibodhāpalibodha	masc	masc, comp	Obstacles, (and) removal of obstacles	palibodha + apalibodha		dvanda	palibodha ca apalibodha ca	y	
doḷasakapeyyālamukhāni	doḷasakapeyyālamukha	nt	nt, comp	groups of twelve with repetition; repeated sections of twelve items	doḷasaka + peyyālamukha		kammadhāraya	doḷasaka + peyyālamukha	y	
cīvarakkhandhako	cīvarakkhandhaka	masc	masc, comp	chapter on robes; robe-cloth chapter; (Khandaka) chapter about robes	cīvara + khandhaka		chaṭṭhī tappurisa	cīvarassa + khandhaka	y	
jīvakavatthu	jīvakavatthu	nt	nt, comp	The account of Jīvaka; the story of Jīvaka	jīvaka + vatthu 		chaṭṭhī tappurisa	jīvakassa + vatthu 	y	
phitā									n	
pāsādasatāni	pāsādasata	adj	adj, comp	hundred mansions; palaces numbering one hundred	pāsāda + sata		digu	pāsādā + satāni	y	
ārāmasahassāni	ārāmasahassa	adj	adj, comp	thousand monasteries; parks numbering one thousand	ārāma + sahassa		digu	ārāmā + sahassāni	y	
ārāmasatāni	ārāmasata	adj	adj, comp	hundred monasteries; parks numbering one hundred	ārāma + sata		digu	ārāmā + satāni	y	
pokkharaṇīsahassāni	pokkharaṇīsahassa	adj	adj, comp	thousand ponds; pools numbering one thousand; thousand lotus pools	pokkharaṇī + sahassa		digu	pokkharaṇī + sahassāni	y	
pokkharaṇīsatāni	pokkharaṇīsata	adj	adj, comp	hundred ponds; pools numbering one hundred; hundred lotus pools	pokkharaṇī + sata		digu	pokkharaṇī + satāni	y	
padakkhā									n	
phitañca									n	
padakkhaṃ									n	
upasobhantiṃ	upasobhati								n	
asippena	asippa	nt		without a profession; not having a skill; without a craft	na+ sippa				y	
upajīvituṃ	upajīvati	inf	inf, comp	to make a livelihood; to sustain oneself; to take care of oneself			abyayībhāva 	upa + jīvati	y	
adhīyantassa	adhīyati	prp		studying; learning it by heart; 			?		y	
āhiṇṭanto									n	
seṭṭhibhariyāvatthu	seṭṭhibhariyāvatthu	sandhi	nt, comp	The account of the wealthy merchant’s wife; the story of the wealthy wife; the instance with the rich wife	seṭṭhibhariyā + vatthu		chaṭṭhī tappurisa	seṭṭhibhariyassa + vatthu 	y	
nippacitvā	nippaci	pr		cooking (medicine); infusing; brewing					y	
vimanosīti	vimanosi	pr		you are upset; you're displeased; you're unhappy; you're downcast	vimanosi + ti				y	
upajānāmetassa	upajānāti	pr		this we know for ourselves; we know this; we understand	upajānāti + eta		kammadhāraya	upajānāma + etassa	n	
padīpakaraṇe	padīpakaraṇa	prp	prp, comp	for using in lamps, for adding to lamps, using as lamp fuel	padīpa + karaṇa		abyayībhāva 	padīpa + karaṇe	y	
paṭhamakammaṃ	paṭhamakamma	nt	nt, comp	first job; first action; first deed	paṭhama + kamma		digu 	paṭhama + kammaṃ	y	
bimbisārarājavatthu	bimbisārarājavatthu	sandhi	nt, comp	The account of King Bimbisāra; the story of Bimbisāra the king; the instance with King Bimbisāra	bimbisāra + rāja + vatthu		chaṭṭhī tappurisa	bimbisārarājassa + vatthu 	y	
makkhiyanti	makkhiyanti	sandhi		has been soiled; made dirty (with); dirtied (by)	makkhi + ayaṃ + īti 		kammadhāraya	makkhiyaṃ + īti	n	
bhagandalābādhaṃ	bhagandalābādha	masc	masc, comp	hemorrhoid; fistula; condition of swelling and bleeding of the inner thighs	bhagandalā + bādha 		tatiyā tappurisa 	bhagandalā + bādhaṃ	y	
sabbālaṅkāraṃ	sabbālaṅkāra	masc	masc, comp	all jewllery; all ornaments			dutiyā tappurisa 	sabbaṃ + alaṅkāraṃ 	y	
sapaṭṭhitaṃ	sapaṭṭhita	adj		well established; ready for use	"sa + paṭṭhita	"	Sudhira			y	s
pārivāsikapavāraṇādānena	pārivāsikapavāraṇādāna	nt		passed-on invitation that has expired; passed-on invitation of a probationer; 	? pārivāsika + pavāraṇā + dāna (multiple possibilities)				y	
appavāraṇāya	appavāraṇā	fem		non-invitation day; no invitation; no offer; lit. no inviting	na + pavāraṇā				y	
dvevācikādipavāraṇā	dvevācikādipavāraṇā	fem		invitation ceremony by means of two statements	? dvevācika + ādi + pavāraṇā				y	
bāḷhataraṃ	bāḷhatara	adj		? increased; lit. intense surpassing	bāḷha + taraṁ				y	
saṅgāyantehi	? two possibilities: 1 saṅgāyati; 2 saṅgāyana	1 pr; 2 nt		1 reciting; chanting; 2 recitation; group recital	? 1 (pl pr 3rd) saṅgāyanti + hi; 2 variant of (nt pl instr) saṅgāyanehi				y	
vinicchinantehi	? vinicchināti	pr		investigating; exploring	vinicchinanti + hi				y	
sākacchantehi	? sākaccha	? nt		? discussion	?				y	
pavāraṇāṭhapanaṃ	pavāraṇāṭhapana	nt		cancellation of the invitation; lit. causing standing of the invitation	pavāraṇā + ṭhapana				y	
kārāpiyamānā	kārāpiyamāna	prp		being made to do; being made to perform; lit. being caused to do	kārāpiya + māna				y	
aṭṭhapitā	aṭṭhapita	pp		not suspended; not cancelled; not set aside; not put aside;	na + ṭhapitā				y	
antaggāhikādiṭṭhi	antaggāhikādiṭṭhi	fem		extreme view;  lit. view clinging to one end	antaggāhikā + diṭṭhi				y	
thullaccayavatthukādi	thullaccayavatthuka	adj		? grounds for a serious offense	thullaccaya + vatthuka				y	
vatthuṭhapanādi	vatthuṭhapana	nt		setting aside an offense; lit. setting aside, suspending, causing standing of a matter; affair, case, ground	vatthu + ṭhapana				y	
bhaṇḍanakārakavatthu	bhaṇḍanakārakavatthu	nt		matter, case of making (or maker), creating (or creator) of quarrels; disputes, arguments	bhaṇḍana + kāraka + vatthu				y	
yathāyasmantā									n	
asaṃvihitā	asaṃvihita	pp		without notice; lit. not organized; not ordered; not arranged	na + saṃvihita				y	
vikkhitvā	vikkhitvā	abs		having distracted; having disturbed; having confused					y	
vikkhipāpetvā									n	
ananuyogakkhamo	ananuyogakkhama	adj		unable to stand scrutiny; not fit for examination	na + anuyoga + khama				y	
pavāraṇāsaṅgaho	pavāraṇāsaṅgaha	masc		agreement or postponement about the invitation ceremony	pavāraṇā + saṅgaha				y	
pavāraṇāsaṅgahaṃ	^								n	
pavāraṇāsaṅgahassa	^								n	
pavāraṇāsaṅgahe	^								n	
pavārentā	?								y	
pavārentāsane	? pavārentāsana	nt		? invitation seat	? pavārenti + āsane				n	
gilānañātakā	gilānañātaka	masc		the sick, relatives	gilāna + ñātaka				n	
vematī	vematika	adj		doubtful (about); unsure (about); uncertain (about)					n	
chandadānapavāraṇā	chandadānapavāraṇā	fem		About giving consent, invitation.	chandadāna + pavāraṇā				y	
savarehi	savara	? masc		an aboriginal tribe; a savage; a member of the Dravidian people living in southern India					y	
sutasaṅkāya	sutasaṅkāya	fem		the heard, the suspected	suta + saṅkā				n	
pavārayeti	? pavāraye	imp or pr		should invite					n	
cammakkhandhako	cammakkhandhaka	masc		chapter on skins	camma + khandhaka				y	
soṇakoḷivisavatthu	soṇakoḷivisavatthu	nt		the case of Soṇa Koḷivisa	soṇa + koḷivisa + vatthu				y	
gāmasahassesu	gāmasahassa	card		one thousand villages	gāma + sahassa				y	
koḷivīso	koḷivisa	masc		name of a family clan					n	
gāmikasahassāni	gāmikasahassa	card		one thousand villagers; villages chiefs	gāmika + sahassa				y	
dakkhitukāmo	dakkhitukāmo	adj		wishing to see; wanting to see	dakkhituṃ + kāmo				y	
anusāsitā	anusāsita	pp		taught; instructed; ordered; ruled	anu + sāsita				y	
gāmikasahassānaṃ	^								n	
padhūpāyatipi	padhūpāyati	pr		smoulders, smokes; emits smoke; fumes	pa + dhūpāyati				y	
gāmikasahassesu	^								n	
acirupasampanno	acirupasampanna	pp		soon after ordaining; not long after ordaining (as a monastic); lit. recently attained	acira + upasampanna				y	
vīriyasamataṃ	vīriyasamata	fem		balance of energy; evenness of effort	vīriya + samata				y	
parikkhīṇabhavasaññojano	parikkhīṇabhavasaññojana	adj		who has cut the bond to existence; who has worn away the bonds of being; who has exhausted the fetter of existence; epithet of an arahant	parikkhīṇa + bhava + saññojana				y	
chaṭṭhānāni	chaṭṭhāna	nt		six things; six positions; lit. six stances	cha + ṭhāna				y	
karaṇīyamattānaṃ	karaṇīyamatta	masc		something to be done in oneself	karaṇīya + atta; karaṇīyaṃ + atta				y	
pavedhenti	pavedheti	pr		causes to shake, tremble; agitates; stresses	?				y	
diguṇādiupāhanapaṭikkhepo	diguṇādiupāhanapaṭikkhepa	masc		prohibition against sandals with double-layered soles, etc; lit. two-layer, etc., sandal rejection	diguṇa + ādi + upāhana + paṭikkhepa				y	
asītisakaṭavāhe	asītisakaṭavāha	masc		eighty cardloads	asīti + sakaṭavāha				y	s
purāṇakulaputta	purāṇakulaputta	masc	masc, comp	son from a good family; young man from a respectable family; young gentleman	purāṇa + kulaputta		kammadhāraya 	purāṇa + kulaputta	y	
tiracchānagatavatthu	tiracchānagatavatthu	nt	nt, comp	account of animals; story of animals; instance of animals	tiracchānagata + vatthu		chaṭṭhī tappurisa	tiracchānagatassa + vatthu	y	
aviruḷhidhamma	aviruḷhidhamma	adj	adj. comp	unable to progress; not liable to grow; lit. not of the nature to sprout	na + viruḷhi + dhamma	antonim viruḷhidhamma not in DPD	chaṭṭhī tappurisa	aviruḷhiyā + dhamma	y	
sabhāvapātukamma	sabhāvapātukamma	nt	nt, comp	normal appearance; original form; show (their) true nature	sabhāva + pātukamma		dutiyā tappurisa 	sabhāvaṃ + pātukamma	y	
mātughātakavatthu	mātughātakavatthu	nt	nt, comp	account of matricide; story of one who has killed their mother; instance of a person who has murdered their mother	mātu + ghātaka + vatthu		chaṭṭhī tappurisa	mātughātakassa + vatthu	y	
pitughātakavatthu	pitughātakavatthu	nt	nt, comp	account of patricide; story of one who has killed their father; instance of a person who has murdered their father	pitu + ghātaka + vatthu		chaṭṭhī tappurisa	pitughātakassa + vatthu	y	
pitughātaka	pitughātaka	masc	masc, comp	patricide; one who has killed their father; a person who has murdered their father	pitu + ghātaka 		chaṭṭhī tappurisa 	pitussa + ghātaka	y	
arahantaghātakavatthu	arahantaghātakavatthu	nt	nt, comp	account of a murderer of an awakened being; story of one who murdered an Arahant; instance of the killer of an Arahant	arahantaghātaka + vatthu		chaṭṭhī tappurisa	arahantaghātakassa + vatthu	y	
oniyyamāne	oniyyamāna	prp		being led away; being carried away; seized					y	
sacajja 	sacajja 	sandhi		if today; if		also seen as a variant of sacā ca			n	
bhikkhunīdūsakavatthu	bhikkhunīdūsakavatthu	nt	nt, comp	account of a bhikkhunī rapist; story of the rapist of bhikkhunī; instance of one who raped a bhikkhunī	bhikkhunī + dūsaka + vatthu		chaṭṭhī tappurisa	bhikkhunīdūsakassa + vatthu	y	
ubhatobyañjanakavatthu	ubhatobyañjanakavatthu	nt	nt, comp	account of a hermaphrodite; story of a person with male and female sexual characteristics; instance of a hermaphrodite	ubhatobyañjanaka + vatthu 		chaṭṭhī tappurisa	ubhatobyañjanakassa + vatthu		
anupajjhāyakādivatthu	anupajjhāyakādivatthu	nt	nt, comp	account of one without a preceptor, etc.; story of a one with no mentor, etc.; instance of a monk ordained without a teacher, and other examples	anupajjhāyaka + ādi + vatthu		chaṭṭhī tappurisa	anupajjhāyakādi + vatthu		
paṇḍakupajjhāyena	paṇḍakupajjhāya	masc	masc, comp	paṇḍaka as preceptor; asexual teacher; mentor who is a paṇḍka	paṇḍaka + upajjhāya		kammadhāraya 	paṇḍaka + upajjhāya		
theyyasaṃvāsakupajjhāya	theyyasaṃvāsakupajjhāya	masc	masc, comp	(one) living in affiliation by theft as the preceptor; false monk as a teacher; mentor who has been pretending to be a monk	theyyasaṃvāsaka + upajjhāya		kammadhāraya 	theyyasaṃvāsaka + upajjhāya		
titthiyapakkantakupajjhāya	titthiyapakkantakupajjhāya	masc	masc, comp	(one who has) gone over to another religion as the preceptor; teacher who has left for another religion; mentor who is now ordained in another religion	titthiyapakkantaka + upajjhāya		kammadhāraya 	titthiyapakkantaka + upajjhāya		
tiracchānagatupajjhāya	tiracchānagatupajjhāya	masc	masc, comp	animal as preceptor; animal teacher; mentor who is an animal	tiracchānagata + upajjhāya		kammadhāraya 	tiracchānagata + upajjhāya		
mātughātakupajjhāya	mātughātakupajjhāya	masc	masc, comp	matricide as preceptor; teacher who has killed their mother; person who has murdered their mother as a mentor	mātughātaka + upajjhāya		kammadhāraya 	mātughātaka + upajjhāya		
pitughātakupajjhāya	pitughātakupajjhāya	masc	masc, comp	patricide as preceptor; teacher who has killed their father; person who has murdered their father as a mentor	pitughātaka + upajjhāya		kammadhāraya 	arahantaghātaka + upajjhāya		
arahantaghātakupajjhāya	arahantaghātakupajjhāya	masc	masc, comp	murderer of an awakened being as preceptor; teacher who murdered an Arahant; killer of an Arahant as teacher	arahantaghātaka + upajjhāya		kammadhāraya 	arahantaghātaka + upajjhāya		
bhikkhunidūsakupajjhāya	bhikkhunidūsakupajjhāya	masc	masc, comp	bhikkhunī rapist as preceptor; teacher who raped a bhikkhunī; molestor of an bhikkhunī as teacher	bhikkhunidūsaka + upajjhāya		kammadhāraya 	bhikkhunidūsaka + upajjhāya		
saṅghabhedakupajjhāya	saṅghabhedakupajjhāya	masc	masc, comp	schismatic as preceptor; teacher who split the saṇgha; schismatic as teacher	saṅghabhedaka + upajjhāya		kammadhāraya 	saṅghabhedaka + upajjhāya		
lohituppādakupajjhāya	lohituppādakupajjhāya	masc	masc, comp	one who has shed (a Tathāgata’s) blood as the preceptor; teacher who has made (the Buddha) bleed; wounder (of the Buddha) as teacher	lohituppādaka + upajjhāya		kammadhāraya 	lohituppādaka + upajjhāya		
ubhatobyañjanakupajjhāya	ubhatobyañjanakupajjhāya	masc	masc, comp	hermaphrodite as preceptor; teacher with male and female characteristics; neuter as teacher	ubhatobyañjanaka + upajjhāya		kammadhāraya 	ubhatobyañjanaka + upajjhāya		
apattakādivatthu	apattakādivatthu	nt	nt, comp	account of those without an almsbowl, etc; story of one without a bowl and others; instance of monk who has not received a bowl	apattaka + ādi + vatthu		chaṭṭhī tappurisa	apattakādi + vatthu		
naupasampādetabbekavīsativāra	naupasampādetabbekavīsativāra	masc	masc, comp	twenty-one cases that should not be given higher ordination; twenty one instances where upasampadā should not be given	na + upasampādetabbe + ekavīsati + vāra		dutiyā tappurisa 	naupasampādetabbaṃ + ekavīsativāra		
napabbājetabbadvattiṃsavāra	napabbājetabbadvattiṃsavāra	masc	masc, comp	section consisting of twenty-one cases when novice ordination is not to be given; twenty one instances where pabbājja should not be given	na + pabbājetabba + dvattiṃsa + vāra		dutiyā tappurisa 	napabbājetabbaṃ + dvattiṃsavāra		
aṅgulicchinna	aṅgulicchinna	adj	adj, comp	someone without a finger or toe; a person missing a finger or tow; one with less than forty digits	aṅguli + chinna		kammadhāraya 	aṅguli + chinna		
aḷacchinna	aḷacchinna	adj	adj, comp	someone with a cut tendon; a person with a removed tendon; lit. severed claw	aḷa + chinna		kammadhāraya 	aḷa + chinna		
kaṇḍaracchinna	kaṇḍaracchinna	adj	adj, comp	someone with joined fingers; person who’s fingers are joined together	kaṇḍara + chinna		kammadhāraya 	kaṇḍara + chinna		
phaṇahatthaka	phaṇahatthaka	adj	adj, comp	person with foot elephantiasis; one with a club foot/elephantiasis	phaṇa + hatthaka		kammadhāraya 	phaṇa + hatthaka		
galagaṇḍī	galagaṇḍī	adj	adj, comp	someone with goiter; one with swelling in the thyroid gland (in the neck); lit. (the) neck having boils 	gala + gaṇḍī		kammadhāraya 	gala + gaṇḍī		
sīpadī	sīpadī			person with foot elephantiasis; one with a club foot/elephantiasis	sīpadī					
pāparogī	pāparogī	adj	adj, comp	someone with a serious illness; one gravely ill; lit one suffering from with evil	pāpa + rogī		kammadhāraya 	pāpa + rogī		
andhamūga	andhamūga	adj	adj, comp	someone who is blind and mute; one who cannot see or speak	andha + mūga		kammadhāraya 	andha + mūga		
andhabadhira	andhabadhira	masc	masc, comp	someone who is blind and deaf; one who cannot see or hear	andha + badhira		dutiyā tappurisa 	andhaṃ + badhira		
mūgabadhira	mūgabadhira	masc	masc, comp	someone who is deaf and mute; one who cannot hear or speak	mūga + badhira		dutiyā tappurisa 	mūgaṃ + badhira		
andhamūgabadhira	andhamūgabadhira	masc	masc, comp	someone who is blind, deaf, and mute; one who cannot see, hear, or speak	andha + mūga + badhira		dutiyā tappurisa 	andhamūgaṃ + badhira		
dāyajjabhāṇavāra	dāyajjabhāṇavāra	masc	masc, comp	recitation section on inheritance; segment of the scriptures on inheritance	dāyajja + bhāṇavāra		dutiyā tappurisa 	dāyajjaṃ + bhāṇavāra		
alajjīnissayavatthu	alajjīnissayavatthu	nt	nt, comp	account of dependency on or for shameless monks; story of giving or receiving nissiya; instance of shameless monks giving or receiving formal support	alajjī + nissaya + vatthu		chaṭṭhī tappurisa	alajjīnissayassa + vatthu		
bhikkhusabhāgata	bhikkhusabhāgata	adj	adj, comp	keeping the same standard as the monks; behaving properly (according to the viniya); lit. becoming like the bhikkhu assembly	bhikkhu + sabhāgata		kammadhāraya 	bhikkhu + sabhāgata		
gamikādinissayavatthu	gamikādinissayavatthu	nt	nt, comp	account of dependency for traveling monks, etc.; story of receiving nissiya while traveling and other cases; instance of traveling monks monks receiving formal support, etc.	gamika + ādi + nissaya + vatthu		chaṭṭhī tappurisa	gamikādinissayassa + vatthu		
nissayadāyaka	nissayadāyaka	masc	masc, comp	one who can give dependence; lit. support giver	nissaya + dāyaka		chaṭṭhī tappurisa	nissayassa + dāyaka		
anussāvanānujānanā	anussāvanānujānanā	fem	fem, comp	allowance for proclamation; permission to cause (a legal motion) to be heard	anussāvana + anujānanā		chaṭṭhī tappurisa 	anussāvanassa + anujānanā		
anussāvetun 	anussāvetun 	inf	inf of anusāveti	to do the proclamation; to announce; lit. to cause to hear	anu + sāvetuṃ					
dveupasampadāpekkhādivatthu	dveupasampadāpekkhādivatthu	nt	nt, comp	account of two (simultaneous) ordination candidates, etc.; story two people seeking higher ordination, and others; instance of two aspiring monks, etc.	dve + upasampadāpekkhā + ādi + vatthu		chaṭṭhī tappurisa	dveupasampadāpekkhādi + vatthu		
ekānussāva	ekānussāva	nt	nt, comp	single proclamation; one announcement; with one statement	ekā + ussāva		digu	ekāṃ + ussāvaṃ		
nānupajjhāya	nānupajjhāya	masc	masc, comp	various preceptors; different teachers; diverse mentors	nānā + upajjhāya		abyayībhāva 	nānā + upajjhāyaṃ		
gabbhavīsūpasampadānujānanā	gabbhavīsūpasampadānujānanā	fem	fem, comp	allowance to be fully ordained twenty years after appearing in the womb; permission for ordaining one twenty years after conception	gabbha + vīsa + upasampada + anujānanā		chaṭṭhī tappurisa 	gabbhavīsūpasampadassa + ānujānanā		
gabbhavīsa	gabbhavīsa	masc	masc, comp	twenty years after appearing in the womb; twenty years after conception	gabbha + vīsa					
?sāva	?sāva									
upasampadāvidhi	upasampadāvidhi	masc	masc, comp	process of higher ordination; upasampadā procedure; method that grants higher ordination	upasampadā + vidhi		chaṭṭhī tappurisa 	? upasampadssa + vidhi		
ananusiṭṭha	ananusiṭṭha	adj		not advised; not instructed; not taught	anu + anusiṭṭha	antonym of anusiṭṭha already in DPD				
vitthāyati	vitthāyati	pr		ashamed; embarrassed						
gāhāpetabba	gāhāpetabba	ptp	ptp of gāhāpeti	should be told to choose, can be taken; lit. should be grabbed						
duranusiṭṭha	duranusiṭṭha	pp		badly advised; instructed poorly; not well taught 	dur + anusiṭṭha					
yācāpetabba	yācāpetabba	ptp	ptp of yācāpeti	should ask; can request; to be asked						
upasampadākamma	upasampadākamma	nt	nt, comp	procedure of higher ordination; upasampada process; act of higher ordination	upasampadā + kamma		chaṭṭhī tappurisa 	upasampadassa + kamma		
utuppamāṇa	utuppamāṇa	nt	nt, comp	date; lit. measurement of the season	utu + pamāṇa		chaṭṭhī tappurisa 	utuno + pamāṇa		
kiṃ dāni	kiṃ dāni	ind		have you now(?)						
paṭisevitabba	paṭisevitabba	ptp	ptp of paṭisevi	should be engaged in; should follow; should be practiced						
tiṇasalākā	tiṇasalākā	fem	fem, comp	(piece of) straw; blade of grass	tiṇa + salākā		kammadhāraya 	tiṇa + salākā		
ullapitabba	ullapitabba	ptp	ptp of ullapati	should praise; should speak highly (of); lit. should chat up						
ukkhittakavatthu	ukkhittakavatthu	nt		account of a ejected monk; story of a monk who has been expelled; instance of monk who has been ejected 	ukkhittaka + vatthu		chaṭṭhī tappurisa	ukkhittakassassa + vatthu		
mahattha	mahattha	masc	masc, comp	great benefit; enormous profit; extensive welfare	mahanta + attha		kammadhāraya 	mahanta + attha		
sāsanādhāraṇa	sāsanādhāraṇa	nt	nt, comp	carrying the teaching; bearing the (Buddha’s) instruction; holding the dispensation	sāsana + dhāraṇa		dutiyā tappurisa 	sāsanaṃ + dhāraṇa		
sabbaññujinagocara	sabbaññujinagocara	masc	masc, comp	range of the all-knowing victor; sphere of the omniscient conqueror; domain of the victor (who has) complete understanding	sabbaññu + jina + gocara		chaṭṭhī tappurisa 	sabbaññujinassa + gocara		
anaññavisaya	anaññavisaya	masc	masc, comp	not the realm of another; sphere of no other; domain not owned by another	anañña + visaya		chaṭṭhī tappurisa 	anaññassa+ visaya		
yathātthakārī	yathātthakārī	adj		doing what is in line with the goal; acting (only) according to the good	yathā + attha + kārī		kammadhāraya 	yathāttha + kārī		
saṅgāhaṇāhetuṃ	saṅgāhaṇāhetuṃ	inf		recited for the purpose of gathering; repeated for the purpose of making a collection	saṅgāha + aṇati + etuṃ 					
yathāñāya	yathāñāya	inf		according to the method; in line with the way; as per the system	yathā + ñāya		abyayībhāva	yathā + ñāya		
asesetuṃ	asesetuṃ	inf		to not leave anything out; without remainder						
āmala	āmala			emblic myrobalan tree; tree of the Phyllanthus Emblica fruit						
pāripupphañca 	pāripuppha	nt	nt, comp	orchid tree flower	pāri+ puppha		chaṭṭhī tappurisa 	? pārissa+ puppha		
acchinnajaṭilasākiya	acchinnajaṭilasākiya	adj		uncut, ascetic with dreadlocks, Sakyan; ascetic with uncut (hair), another with dreadlocks, and a Sakayan	acchinna + jaṭila + sākiya		dutiyā tappurisa 	acchinnajaṭilaṃ + sākiya		
pañcābādhā	pañcābādhā	masc		five diseases	pañca + ābādhā 	pl => ābādhā	digu	pañca + ābādhani		
anuññāsi	anuññāsi	pr		he declared; he understands; he is aware (of)						
theyyapakkanta	theyyapakkanta	masc	masc, comp	theft and left; one who who has been a monk by theft, and one who has left the community	theyya + pakkanta		dutiyā tappurisa 	theyyaṃ + pakkanta		
mātarī	mātari					declension of mātarī not currently recognized				
arahantabhikkhunībheda	arahantabhikkhunībheda	masc	masc, comp	perfected one, nun, and schismatic; (killer of an) arahant, (rapist of a) bhikkhunī, splitter of the sangha	arahanta + bhikkhunī + bheda		dutiyā tappurisa 	arahantabhikkhunī + bheda		
omuñcāpetvā	omuñcāpeti	pp		to cause to remove; to cause to take off	omuñcāpeti	absolutive of omuñcāti				
rājagahaseṭṭhivatthu	rājagahaseṭṭhivatthu	nt	nt, comp	account of the wealthy merchant of Rājagaha; the story of  the wealthy merchant of Rājagaha; the instance with  the wealthy merchant of Rājagaha	rājagaha + seṭṭhi + vatthu 		chaṭṭhī tappurisa	rājagahaseṭṭhi + vatthu		
passesyātha						variant of passathayye				
passathayyo						variant of passathayye				
tehāyaṃ	tehāya	pron		they; those (people)		unique declension of tvaṃ				
sampaṭipāṭetvā	sampaṭipāṭetvā	pp		having personally adjoined the opening; having sealed the opening himself; having himself closed the wound	unique declension of tvaṃ					
seṭṭhiputtavatthu	seṭṭhiputtavatthu	nt	nt, comp	account of the wealthy merchant’s son the story of of the wealthy merchant’s son; the instance with the wealthy merchant’s son			chaṭṭhī tappurisa	seṭṭhiputtassa + vatthu		
antagaṇṭhābādho	antagaṇṭhābādha	masc	masc, comp	afflicted with a twisted gut; intestinal knot illness; twisted bowel affliction	antagaṇṭhi + ābādha		dutiyā tappurisa 	antagaṇṭhiṃ + ābādho		
paṭipavesetvā	paṭipaveseti	pp	pp, comp	having put back in; having returned inside; having put back	paṭi + paveseti		abyayībhāva 	paṭi + pavesetvā		
arogāpitoti						variant of arogo ṭhito’ti				
pajjotarājavatthu	pajjotarājavatthu	nt	nt, comp	account of King Pajjota; the story of Pajjota the king; the instance with King Pajjota	pajjota + rāja + vatthu 		chaṭṭhī tappurisa	pajjotarājassa + vatthu		
kasāvavaṇṇaṃ	kasāvavaṇṇa	masc	masc, comp	bitter colour; acrid appearance; acrid colour	kasāva + vaṇṇa 		kammadhāraya 	kasāva + vaṇṇa		
kasāvagandhaṃ	kasāvagandha	masc	masc, comp	bitter smell; acrid scent; bitter odor	kasāva + gandha 		kammadhāraya 	kasāva + gandha		
kasāvarasanti	kasāvarasa	adj	pr, comp	tastes bitter; has an acrid flavor; is bitter	kasāva + rasati		kammadhāraya 	kasāva + rasati		
nippaci	nippaci	pr		cooks; infuses; brews						
kasāvarasaṃ	kasāvarasa	masc	masc, comp	bitter taste; acrid flavor; bitter flavor	kasāva + rasa		kammadhāraya 	kasāva + rasa		
caṇḍoyaṃ	caṇḍoyaṃ	pron		he is harsh; he’s fierce; violent is this person	caṇḍa + ayaṃ 		kammadhāraya > bahubbīhi 	caṇḍo + ayaṃ 		
vāhanāgāresu	vāhanāgāra	nt	nt, comp	stables; vehicle shed; lit. vehicles’ home	vāhana + agāra		sattamī tappurisa 	vāhanesu + agāresu		
paññāsayojanikā	paññāsayojanika	masc	masc, comp	fifty yojana; ?(aprox.) 650 kilometers	paññāsa + yojanika		digu 	paññāsā + yojanikā		
nippati	nippati	pr		flies out, rushes out; falls out; departs, hastens away	see  nippatati					
saṭṭhiyojaniko	saṭṭhiyojanika	masc	masc, comp	sixty yojana; ?(aprox) 780 kilometers	saṭṭhi + yojanika		digu 	saṭṭhi + yojaniko		
bahumāyā	bahumāyā	fem	fem, comp	full of tricks; very decitful; lit. much illusion	bahu + māyā		kammadhāraya	bahu + māyā		
upaḍḍhāmalakaṃ	upaḍḍhāmalaka	nt	nt, comp	half of a myrobalan; one half embelica; half of a small medical fruit	upaḍḍha + āmalaka		dutiyā tappurisa 	upaḍḍhaṃ + malakaṃ		
siveyyakadussayugakathā	siveyyakadussayugakathā	fem	fem, comp	discussion on cloth from Sīva	siveyyaka + dussayuga + kathā 		chaṭṭhī tappurisa 	siveyyakadussayugassa + kathā 		
siveyyakaṃ	siveyyaka	adj		fine cloths; Sīvian cloth; fine cloth from Sīva	siveyyaka	can be either and adj (from Sīva) or about the fine cloth (masc. noun)				
dussayugasahassānaṃ	dussayugasahassāna	nt	nt, comp	thousand sets of cloth; thousand pairs of garments; thousand suits of clothes	dussayuga + sahassāna 		dutiyā tappurisa 	dussayugaṃ + sahassānaṃ		
dussayugasatasahassānaṃ	dussayugasatasahassāna	nt	nt, comp	hundred thousand sets of cloth; hundred thousand pairs of garments; hundred thousand suits of clothes	dussayugasata + sahassāna		dutiyā tappurisa 	dussayugaṃ + satasahassānaṃ		
paccārahati	paccārahati	pr	pr, comp	is worthy (of these); deserves (these); merits (these)	paccati + arahati 		abyayībhāva 	paccati + arahati 		
samattiṃsavirecanakathā	samattiṃsavirecanakathā	fem	fem, comp	discussion on thirty purgings	samatiṃsa + virecana + kathā 		chaṭṭhī tappurisa 	samattiṃsavirecanassa + kathā 		
dosābhisanno	dosābhisanna	sandhi	adj, comp	full of impurities; full of corruptions; filled up with impurities	dosa + abhisanna		kammadhāraya 	doso + abhisanno		
sinehetvā	sinehetvā	pp		soften with oil; make it soft with oil; oil cleanse or fast (to prepare for a purgative)	sinehetvā					
samattiṃsāya	samattiṃsa	sandhi	adj, comp	thirtieth; (final) of thirty; totaling thirty	sama + tiṃsa		dighu	samāya + tiṃsāya		
samattiṃsakkhattuṃ	samattiṃsakkhattuṃ	sandhi	adj, comp	thirty times; totaling thirty	sama + tiṃsa + khattuṃ		dighu	samattiṃsāya + khattuṃ		
ekūnattiṃsakkhattuṃ	ekūnattiṃsakkhattuṃ	sandhi	adj, comp	twenty nine times; totaling twenty nine; lit. one less than thirty times	ekūna + tiṃsa + khattuṃ		dighu	ekūnattiṃsāya + khattuṃ		
samatiṃsakkhattuṃ	samatiṃsakkhattuṃ	sandhi	adj, comp	thirtieth; (final) of thirty; totaling thirty	sama + tiṃsa	sandhi slightly different than samattiṃsakkhattuṃ, both are in the mula	dighu	samatiṃsāya + khattuṃ		
ekūnatiṃsakkhattuṃ	ekūnatiṃsakkhattuṃ	sandhi	adj, comp	twenty nine times; totaling twenty nine; lit. one less than thirty times	ekūna + tiṃsa + khattuṃ	sandhi slightly different than ekūnattiṃsakkhattuṃ; not in every version of the mula	dighu	ekūnatiṃsāya + khattuṃ		
yūsapiṇṭapātenāti						variant of yūsapiṇḍapāta				
yūsapiṇṭakenāti						variant of yūsapiṇḍapāta				
yūsapiṇḍapātenāti	yūsapiṇḍapātenā	sandhi	masc, comp	(bean ) broth; (clear) soup; lit. liquid almsfood	yūsa + piṇḍapāta +ti		dutiyā tappurisa 	yūsaṃ + piṇḍapātenā		
varayācanākathā	varayācanākathā	sandhi	fem, comp	discussion on of asking for a favor; discussion asking for a boon	vara + yācanā + kathā 		chaṭṭhī tappurisa 	varayācanassa + kathā		
itarītarenapāhaṃ	Itarītarenapāhaṃ	?	masc, comp	with either, I; I (praise …) with any whatsoever; with any, I	itarītara + api + ahaṃ 		missaka	itarītarena + api + ahaṃ		
cīvarasahassāni	cīvarasahassa	nt	nt, comp	thousand robes; thousand cloths; robes numbering one thousand	cīvara + sahassa		dighu	cīvarā + sahassāni		
kambalānujānanādikathā	kambalānujānanādikathā	sandhi	fem, comp	discussion about the allowance of woolen goods, etc.	kambalā + anujānana + ādi + kathā		chaṭṭhī tappurisa 	kambalānujānanādino + kathā		
upaḍḍhakāsinaṃ	upaḍḍhakāsī	masc	masc, comp	 valuable; prized; lit. (worth) half of Kāsī	upaḍḍha + kāsī		chaṭṭhī tappurisa 	upaḍḍhassa + kāsinaṃ		
sādiyituṃ	sādiyanta	prp	inf of sādiyanta							
paṃsukūlapariyesanakathā	paṃsukūlapariyesanakathā	sandhi	fem, comp	account on searching for rags; discussion on seeking for discarded cloth; discourse on searching for rag-robe cloth	paṃsukūla + pariyesana + kathā 		chaṭṭhī tappurisa 	paṃsukūlapariyesanāya + kathā		
nāgamitthāti	nāgamittha	sandhi			nu + agamittha	antonym agamittha already in dpd				
nāgamentānaṃ	nāgamenta	sandhi			nu + āgamenta	antonym āgamenta already in dpd				
cīvarapaṭiggāhakasammutikathā	cīvarapaṭiggāhakasammutikathā	sandhi	fem, comp	account on the appointment of a receiver of robe-cloth; discussion on the appointment of a robe recipient; discourse on the appointment of a receiver of cloth	cīvarapaṭiggāhaka + sammuti + kathā 		chaṭṭhī tappurisa 	cīvarapaṭiggāhakasammutiyā + kathā 		
bhaṇḍāgārasammutiādikathā	bhaṇḍāgārasammutiādikathā	sandhi	fem, comp	account on the designation of a storeroom, etc; discussion on designating robe storage; discourse on the appointment of a store (room and attendant monk)	cīvarapaṭiggāhaka + sammuti + kathā 		chaṭṭhī tappurisa 	bhaṇḍāgārasammutiādino + kathā		
vaṇṇāvaṇṇaṃ	vaṇṇāvaṇṇa	masc	masc, comp	?						
upaḍḍhapaṭivīsaṃ	upaḍḍhapaṭivīsa	masc	masc, comp	half of a share; half a portion; a half share	upaḍḍha + paṭivīsa		chaṭṭhī tappurisa 	upaḍḍhassa + paṭivīsaṃ		
uttaritukāmo	uttaritukāma	masc	masc, comp	wishing to take; wanting to receive; would be delighted to get	uttari + tu + kāma		abyayībhāva 	uttaritu + kāmo		
vassaṃvuṭṭhokapuṇṇehi	vassaṃvuṭṭhokapuṇṇa	masc	masc, comp	who had spent the rains retreat (in); who had completed the rains (in)	vassaṃvuṭṭha + okapuṇṇa		kammadhāraya 	vassaṃvuṭṭha + okapuṇṇa		
jinadassanaṃ	jinadassana	nt	nt, comp	see the Victor; visit the conqueror; lit. a sight of the victor	jina + dassana		chaṭṭhī tappurisa 	jinassa + dassana		
asamācārā	asamācāra	masc		going without taking (the cloth); leaving without receiving; departing without the robe-cloth	? asamā + cāra					
daḷhīkammānuvātikā	daḷhīkammānuvātika	masc	masc, comp	strengthening a side boarder; stiffening a vertical boarder; adding a second layer to the side boarder	daḷhīkamma + anuvātika		buddhabhāsita 	daḷhīkammena + anuvātika		
anuvātika	anuvātika	adj		using a vertical boarder; with a second layer on the edge; lit. caused by a favorable wind	anu + vātika					
nissaggi	nissagga	masc		letting go; giving up; abandoning		nisagga already in DPD, this declension not recognized				
kappaññatra	kappaññatra	? ind		not marked; unmarked; without a marking	kappa + aññatra 		abyayībhāva 	kappa + aññatra 		
pañcātireke	pañcātireka	adj		five or more; at least five	pañca + atireka	similar to atirekapañcakena	digu	pañca + atirekani		
samaṇḍalī	samaṇḍalī	pp	pp, comp	with robe panels; having large panel pieces used in robe making	sa + maṇḍalī		abyayībhāva 	sa + maṇḍalī		
nissīmaṭṭhonumodati	nissīmaṭṭhonumodati	pp	pp, comp	rejoices outside the monastery limits; appreciates (the spreading of the kathina) beyond the monastery zone	nissīmā + aṭṭha + anumodati 		abyayībhāva 	nissīmāṭṭho + anumodati 		
kathinānatthataṃ	kathinānatthata	pp	pp, comp	kathina is not spread; the robe-making ceremony is not completed; lit. robe frame (ceremony) not performed	kathināna + atthata 		abyayībhāva 	kathināna + atthata 		
ahatākappapiloti	ahatākappapiloti	fem	fem, comp	new cloth; lit. new and allowable cloth	ahata + kappa + piloti	ahatakappa in dpd; ahatākappa is not	kammadhāraya 	ahatākappa + piloti		
animittāparikathā	animittāparikathā	fem	fem, comp	Without indication and without hint; without signaling or hinting (for the robe-cloth to be given)	animittā + parikathā 		kammadhāraya	animittā + parikathā 		
akukku						antonym kukku already in DPD				
asannidhi						antonym sannidhi already in DPD				
anissaggi						antonym anissaggi already in DPD				
vātireke	vātireka	adj		more than; or more; exceeding	eva + atireka		abyayībhāva 	eva + atireka		
samaṇḍalīkate	samaṇḍalīkata	adj		with sections made with panels; with panels attached	sa + maṇḍalī + kata		abyayībhāva 	samaṇḍalī + kata		
puggalassatthārā	puggalassatthāra	masc	masc, comp	performed by an individual; spread by a person; lit. person (has) spread	puggala + ssu + atthāra		abyayībhāva 	puggalassa + atthāra		
kathinattharaṇaṃ	kathinattharaṇa	nt.	nt, comp	kathina has been spread; the robe-making ceremony has been completed; lit. robe frame (is) spread	kathina + attharaṇa 		kammadhāraya 	kathina + attharaṇa 		
ubbhārassaṭṭhamātikā	ubbhārassaṭṭhamātika	fem	fem, comp	eight phrases for ending; (set of) eight ways of ending the kathina; matrix with eight ways the kathina can end	ubbhāra + ssu + aṭṭha + mātika		chaṭṭhī tappurisa 	ubbhārassaṭṭhassa + mātika		
ubbhārassaṭṭha	ubbhārassaṭṭha	?	?, comp	eight phrases for ending; eight ways of ending the kathina; eight ways the kathina can end	ubbhāra + ssu + aṭṭha	Formed from the above entry	digu	ubbhārassa + aṭṭha		
āsāvacchedi	āsāvacchedi	adj		disappointed expectation;		variant of āsāvacchedika 				
sahubbhāraṭṭhamī	sahubbhāraṭṭhamī	fem	fem, comp	ending together as the eighth; the eighth option is ending together	saha + ubbhāra + aṭṭhamī 		kammadhāraya 	sahubbhāra + aṭṭhamī		
katacīvaramādāya	katacīvaramādāya	pp	pp, comp	having received robe-cloth; accepts a finished robe	kata + cīvara + ādāya		abyayībhāva 	katacīvara + ādāya		
kayiraṃ	kayira	pp	pp of kayirati	is done; is made; is performed	kayira					
sattasattavidhā	sattasattavidha	adj		seventh of seven; seventh option of a list of seven; lit seven of seven kinds	satta + satta + vidhā 		digu	satta + sattavidhā 		
chaccā						variant of chakka				
vippakathā	vippakatha	pp		interrupted; unfinished; not completed	vippakatha	varriant of vippakata				
nissīmagataṃ	nissīmagata	fem	fem, comp	gone beyond the boundary; left the monastery zone; went outside monastery limits	ni + sīma + gata 		kammadhāraya 	nissīma + gata		
bahisīme	bahisīma	fem	fem, comp	outside monastery zone; beyond monastery boundary; past monastery limits	bahi + sīma		kammadhāraya 	bahi + sīma		
nayāvidhi	nayāvidhi	masc	masc, comp	method; approach; formula	naya + vidhi 		dutiyā tappurisa 	nayaṃ + vidhi		
savanasīmātikkamā	savanasīmātikkama	masc	masc, comp	hearing and outside the monastery zone; learning and beyond monastery boundary	savana + sīma + atikkama		kammadhāraya 	savanasīma + atikkama		
pannarasavidhi	pannarasavidhi	masc	masc, comp	fifteen methods; fifteen approaches; fifteen formulas	pannarasa + vidhi		dugu	pannarasa + vidhi		
atirekabhāgena	atirekabhāga	masc	masc, comp	extra share; leftover portion; surplus part	atireka + bhāga		kammadhāraya 	atireka + bhāga		
āgatapaṭipāṭiyā	āgatapaṭipāṭiyā	fem	fem, comp	sequence of arrival; ordered by first arrival; successively by first to come	āgata + paṭipāṭiyā		tatiyā tappurisa 	āgatā + paṭipāṭiyā		
āgatāgatapaṭipāṭiyā						variant of āgatapaṭipāṭiyā				
cīvararajanakathā	cīvararajanakathā	fem	fem, comp	account on the dyeing of robes; discussion on colouring robe cloth; discourse on washing robes	cīvara + rajana + kathā		chaṭṭhī tappurisa 	cīvararajanassa + kathā		
mūlarajanaṃ	mūlarajana	nt	nt, comp	root dye; dye made from roots	mūla + rajana		kammadhāraya 	mūla + rajana		
khandharajanaṃ	khandharajana	nt	nt, comp	wood dye; dye made from wood (chips)	khandha + rajana		kammadhāraya 	khandha + rajana		
tacarajanaṃ	tacarajana	nt	nt, comp	bark dye; dye made from tree bark	taca + rajana		kammadhāraya 	taca + rajana		
pattarajanaṃ	pattarajana	nt	nt, comp	leaf dye; dye made from leaves	patta + rajana		kammadhāraya 	patta + rajana		
puppharajanaṃ	puppharajana	nt	nt, comp	flower dye; dye made from flowers	puppha + rajana		kammadhāraya 	puppha + rajana		
phalarajananti	phalarajana	nt	nt, comp	fruit dye; dye made from fruits	phala + rajana + ti		kammadhāraya 	phala + rajana		
sītudakāya	sītudaka	nt	nt, comp	cold water; cool water	sīta + udaka		kammadhāraya 	sīta + udaka		
sītundikāya						variant of sītudakāya				
sītūdakāya 						variant of sītudakāya				
rajanakumbhinti	rajanakumbhi	fem	fem, comp	dye boiling pot; boiling pot for dye	rajana + kumbhi + ti		kammadhāraya 	rajana + kumbhi		
uttariyati	uttariyati	pr		boiled over; overflowed; spilled out						
uttarāḷupaṃ						variant of uttarāḷumpaṃ				
rajanuḷuṅkaṃ	rajanuḷuṅka	masc	masc, comp	dye ladle; scoop for the dye	rajan + uḷuṅka		kammadhāraya 	rajan + uḷuṅka		
rajanāḷuṅkaṃ						variant of rajanuḷuṅkaṃ				
daṇḍakathālakanti	daṇḍakathālaka	masc	masc, comp	dye ladle with a handle; small vessel with a handle	daṇḍaka + thālaka + ti		kammadhāraya 	daṇḍaka + thālaka		
rajanabhājanaṃ	rajanabhājana	nt	nt, comp	dye vessel; container for (a portion of) dye	rajana + bhājana		kammadhāraya 	rajana + bhājana		
rajanakolambaṃ	rajanakolambaṃ	masc	masc, comp	dye basin; big jar or (holding) dye	rajana + kolamba		kammadhāraya 	rajana + kolamba		
rajanaghaṭanti	rajanaghaṭa	masc	masc, comp	water pot; pot to hold finished dye; lit. dye water pot	rajana + ghaṭa + ti		kammadhāraya 	rajana + ghaṭa		
paribhijjati	paribhijjati	pp		tore; ripped						
rajanadoṇikanti	rajanadoṇika	fem	fem, comp	dye trough; trough for kneading dye into robes	rajana + doṇika + ti		kammadhāraya 	rajana + doṇika		
kaṇṇasuttakanti	kaṇṇasuttaka	nt	nt, comp	string for the edge; boarder cord	kaṇṇa + suttaka + ti		kammadhāraya 	kaṇṇa + suttaka		
rajetuṃ	rajetuṃ	prp	inf of rajati	should dye; can wash						
patthinnaṃ	patthinna			starchy; hardened; stiff (from too much dye)						
osāretunti	osāretuṃ	prp	inf of osāreti	should rinse (in water); can rinse	osāretuṃ + ti	has a nuance of a robe rinsed in water				
ākoṭetunti	ākoṭetuṃ	prp	inf of ākoṭeti	should beat; can hit; should pound	ākoṭetuṃ + ti					
chinnakacīvarānujānanā	chinnakacīvarānujānanā	fem	fem, comp	instruction on robes made of pieces; allowance for robes to be made using pieces; lit. cut cloth allowance	chinnaka + cīvarā + anujānanā 		dutiyā tappurisa 	chinnakacīvaraṃ + anujānanā 		
magadhakhettaṃ	magadhakhetta	nt	nt, comp	fields of Magadha; Magadha’s crop fields; plots of land owned by Magadha	magadha + khetta 		chaṭṭhī tappurisa 	magadhassa + khetta 		
accibaddhaṃ						variant of acchibaddhaṃ				
acchibandhaṃ 						variant of acchibaddhaṃ				
pāḷibaddhaṃ	pāḷibaddha	masc	masc, comp	defined by a line; bound with an strip; lit. fastened using a line	pāḷi + baddha		tatiyā tappurisa 	pāḷiyā + baddha		
mariyādabaddhaṃ	mariyādabaddha	masc	masc, comp	defined by a; sticking within a border; lit. fastened to a boundary 	mariyāda + baddha		tatiyā tappurisa 	mariyādena + baddha		
siṅghāṭakabaddhaṃ	siṅghāṭakabaddha	masc	masc, comp	defined by an intersection; bound with an crossroads; lit. fastened using a cross	siṅghāṭaka + baddha		tatiyā tappurisa 	siṅghāṭakena + baddha		
siṅghāṭakabaddhanti	siṅghāṭakabaddha	masc	masc, comp	defined by an intersection; bound with an crossroads; lit. fastened using a cross	siṅghāṭaka + baddha + ti		tatiyā tappurisa 	siṅghāṭakena + baddha		
saṃvidahitunti	saṃvidahituṃ	prp	inf of saṃvidahiti	can it be made; can you make; are you able to make	saṃvidahituṃ + ti					
bāhantampi	bāhanta			outer sections (of the robe); horizontal boarder; arm edge	bāhanta + api					
abhicchita	abhicchita			desirable; delightful; wished (for)	abhicchita					
anabhicchitaṃ	anabhicchita			undesirable; not delightful; not wished (for)	na + abhicchita	antonym of abhicchita				
ticīvarānujānanā	ticīvarānujānanā	fem	fem, comp	allowance for three robes; permission for three robes; approval of (having) three robes	ti + cīvara + ānujānanā		dutiyā tappurisa 	ticīvaraṃ + ānujānanā		
ubbhaṇḍīkate						variant of ubbhaṇḍite				
sītālukā	sītāluka			sensitive to cold; susceptible to cold	sīta + āluka		kammadhāraya 	sīta + āluka		
atirekacīvarakathā	atirekacīvarakatha	fem	fem, comp	account of surplus robe cloth; discussion on extra cloth; discourse on excess robes	atireka + cīvara + kathā		chaṭṭhī tappurisa 	atirekacīvarassa + kathā		
vikappetunti	vikappeti	pp			vikappeti + ti					
kaṇḍusakaṃ	kaṇḍusaka	nt		strips of cloth for marking; 	kaṇḍusaka	from kandusa				
visākhāvatthu	visākhāvatthu	nt	nt, comp	case of Visākhā	visākha + vatthu 		chaṭṭhī tappurisa	visākhassa + vatthu		
nikkhittacīvarā	nikkhittacīvara	nt	nt, comp	took off their robes; set aside their robes; put their robes aside	nikkhitta + cīvara		abyayībhāva 	nikkhitta + cīvara		
ovassāpente	ovassāpeti					odd form of 2nd pl of ovassāpeti				
sītīkaritvā						variant of sītiṃ karitvā				
kallakāyā	kallakāya	masc	masc, comp	felt invigorated; feeling better; lit. healthy body	kalla + kāya		kammadhāraya 	kalla + kāya		
sannahatha						variant of sandahatha				
jaṇṇukamattesupi	jaṇṇukamatta	pp		knee deep; up to the knees; enough to reach the knees	jaṇṇuka + matta + api					
vīthikusalo	vīthikusala	masc	masc, comp	skilled (in navigating) the streets; clever regarding the road; competent (in traveling) the paths	vīthi + kusala		sattamī tappurisa 	vīthiyaṃ + kusalo		
bhattacchedaṃ	bhattaccheda	masc	masc, comp	won’t eat; not able to eat; lit. meal is stolen	bhatta + accheda		kammadhāraya 	bhatta + acchedaṃ		
balabhāvanā	balabhāvanā	fem	fem, comp	develop the (spiritual) powers; cultivate the (pancā) balāni; lit. develop power	bala + bhāvanā 		abyayībhāva 	balā + bhāvanā 		
bojjhaṅgabhāvanā	bojjhaṅgabhāvanā	fem	fem, comp	develop the elements of awakening; cultivate the factors of enlightenment	bojjhaṅga + bhāvanā		abyayībhāva 	bojjhaṅgā + bhāvanā		
dadatippamoditā	dadatippamodita	pp		rejoicing in giving; delighted to offer; pleased to donate	dadāti + pamoditā	only cannonical instance of dadati, possibly an error from dadāti (mentioned often)				
sīlūpapannā	sīlūpapanna	pp		possessed of ethical conduct; having virtue; with moral integrity	sīla +ūpapanna					
sokanudaṃ	sokanuda	pr	from nudati	eliminates sadness; removes sorrow	soka + nuda					
visākhābhāṇavāro	visākhābhāṇavāra	masc	masc, comp	section for recitation on Visākhā	visākhā + bhāṇavāra		kammadhāraya 	visākhā + bhāṇavāra		
nisīdanādianujānanā	nisīdanādianujānanā	fem	fem, comp	allowance of a sitting mat, etc.	nisīdana + adi + anujānanā		dutiyā tappurisa 	nisīdanādiṃ + anujānanā		
makkhiyati	makkhiyati	pp		soiling	makkhiyati					
kāyaguttiyā	kāyagutti	fem	fem, comp	protect the body	kāya + gutti		chaṭṭhī tappurisa	kāyassa + guttiyā		
cīvaraguttiyā	cīvaragutti	fem	fem, comp	protect the robes	cīvara + gutti		chaṭṭhī tappurisa	cīvarassa + guttiyā		
senāsanaguttiyā	senāsanagutti	fem	fem, comp	protect the furniture	senāsana + gutti		chaṭṭhī tappurisa	senāsanassa + guttiyā		
saṃgopeti						variant of saṅgopeti				
yāvamahantaṃ	yāvamahanta			as big as	yāva + mahanta		kammadhāraya 	yāva + mahanta		
upaṅkamitvā						textual error of upasaṅkamitvā				
mukhapuñchanacoḷaṃ	mukhapuñchanacoḷa	masc	masc, comp	towel for wiping the face; lit. face wiping cloth	mukha + puñchana + coḷa		kammadhāraya 	mukhapuñchana + coḷa		
mukhapuñjanacoḷaṃ						variant of mukhapuñchanacoḷaṃ				
mukhapuñchanacoḷakanti	mukhapuñchanacoḷaka	masc	masc, comp	towel for wiping the face; lit. face wiping cloth	mukha + puñchana + coḷaka + ti		kammadhāraya 	mukhapuñchana + coḷaka		
khomapilotikā	khomapilotikā	fem	fem, comp	old linen cloth	khoma + pilotikā		kammadhāraya 	khoma + pilotikā		
khomapilotikāya	khomapilotikā									
parikkhāracoḷakanti	parikkhāracoḷaka	masc	masc, comp	requisite cloth	parikkhāracoḷaka + ti		kammadhāraya 	parikkhāra + coḷaka		
pacchimavikappanupagacīvarādikathā	pacchimavikappanupagacīvarādikatha	fem	fem, comp	Discussion about the smallest robe-cloth that can be assigned to another, etc.	pacchima + vikappanupaga + cīvara + ādi + kathā 					
mukhapuñchanacoḷanti	mukhapuñchanacoḷa				mukha + puñchana + coḷa + ti					
parikkhāracoḷanti	parikkhāracoḷa	masc	masc, comp	requisite cloth	parikkhāracoḷa + ti		kammadhāraya 	parikkhāra + coḷaka		
vikappetuṃ	vikappetuṃ	pp	inf	assign (ownership) to another	vikappa + etuṃ					
caturaṅgulavitthataṃ	caturaṅgulavitthata		?, comp	four fingers wide; four fingerbredths wide	caturaṅgula + vitthata		kammadhāraya 	caturaṅgula + vitthata		
paṃsukūlakato	paṃsukūlakata			rag robes	paṃsukūla + kata		chatthī tappurisa	paṃsukūlassa + kata		
suttalūkhaṃ	suttalūkha	nt	nt, comp	mend roughly with thread	sutta + lūkha		tatiyā tappurisa 	suttena + lūkha		
vikaṇṇo	vikaṇṇa			deformed 	vikaṇṇa					
vikaṇṇaṃ	vikaṇṇa									
vinipātetabbaṃ	vinipātetabbaṃ	pp	inf of vinipāteti	should be ruined	vinipātetabbaṃ					
lūkhacīvarosīti	lūkhacīvarosī	pr		? became poorly dressed	lūkha + cīvara + asi					
vassikasaṅketaṃ	vassikasaṅketa	masc	masc, comp	in which it is raining; rainy season; lit. appointed rainy	vassika + saṅketa	antonym of avassikasaṅketa	kammadhāraya 	vassika + saṅketa		
aggaḷaguttivihāro	aggaḷaguttivihāra	masc	masc, comp	dwelling is protected by a door	aggaḷa + gutti + vihāra		kammadhāraya 	aggaḷa + gutti + vihāra		
atthatakathinaṃ	atthatakathina	nt	nt, comp	spread the kathina; participated in the robe making ceremony	atthata + kathina		kammadhāraya 	atthata + kathina		
saṅghikacīvaruppādakathā	saṅghikacīvaruppādakathā	fem	fem, comp	discussion on robe-cloth given to the Saṅgha	saṅghika + cīvara + uppāda + kathā 		chaṭṭhī tappurisa 	saṅghikacīvaruppāda + kathā 		
apātite	apātita	pp		? (tickets) not drawn	na + pātita	antonym of pātita				
isidāso	Isidāsa	masc		Isidāsa Thera; a senior monk, brother of Isibhaṭa	isidāsa					
isibhaṭo	Isibhaṭa	masc		Isibhaṭa Thera; a senior monk, brother of Isidāsa	isibhaṭa					
nilavāsī	Nilavāsi	masc		Venerable Nilavāsi; lit. darkly coloured adze	nilavāsi					
sāṇavāsī	Sāṇavāsi	masc		Venerable Sāṇavāsi; lit. sun hemp adze	sāṇavāsi					
gotako	Gotaka	masc		Venerable Gotaka	gotaka					
phaḷikasantāno	Phaḷikasantāna	masc		Venerable Phaḷikasantāna; lit. crystal (bed) spread	phaḷikasantāna					
upanandasakyaputtavatthu	upanandasakyaputtavatthu	nt	nt, comp	case of Upananda the Sakyan son	upananda + sakyaputta + vatthu		chaṭṭhī tappurisa	upanandasakyaputtassa + vatthu		
bhājiyissanti	bhājiyissanti	pp	inf of bhājīyati	? should be shared; should be divided	bhājiyissanti					
cīvarabhāgaṃ	cīvarabhāga	masc	masc, comp	share of robe-cloth 	cīvara + bhāga		kammadhāraya 	cīvara + bhāga		
cīvarabhaṇḍikaṃ	cīvarabhaṇḍikā	fem	fem, comp	bundle of robe cloth	cīvara + bhaṇḍikā		kammadhāraya 	cīvara + bhaṇḍikā		
ekādhippāyaṃ	ekādhippāya	masc	masc, comp	one person’s share 	eka + adhippāya		digu	eka + adhippāya		
gilānavatthukathā	gilānavatthukathā	fem	fem, comp	discussion about one who was sick	gilāna + vatthu + kathā		chaṭṭhī tappurisa	gilānavatthuno + kathā		
kucchivikārābādho	kucchivikārābādha	masc	masc, comp	dysentery; lit. stomach disturbance affliction	kucchi + vikārā + bādha		kammadhāraya 	kucchivikārā + bādha		
kucchivikāro	kucchivikāra	masc	masc, comp	dysentery; lit. stomach disturbance	kucchi + vikārā		kammadhāraya 	kucchi + vikārā		
kucchivikārābādhoti	kucchivikārābādha				kucchi + vikārā + bādha + ti					
dūpaṭṭho	dūpaṭṭha			hard to nurse; lit. difficult to stand near	du + upaṭṭha	from upaṭṭhāti				
nāvikattā				describe  	?					
sūpaṭṭho	sūpaṭṭha			easy to nurse; lit. easy to stand near	su + upaṭṭha	from upaṭṭhāti				
nīhātuṃ	nīhātuṃ	pp		having to clean up 	nīhātuṃ					
matasantakakathā	matasantakakathā	fem	fem, comp	discussion about an inheritance; lit. departed (one‘s) property discussion	mata + santaka + kathā		chaṭṭhī tappurisa	matasantakassa + kathā		
lahubhaṇḍaṃ	lahubhaṇḍa	nt	nt, comp	insubstantial item; divisible item; lit. light goods	lahu + bhaṇḍa	anything not considered garubhaṇḍa	kammadhāraya 	lahu + bhaṇḍa		
lahuparikkhāraṃ	lahuparikkhāra	masc	masc, comp	light requisite	lahu + parikkhāra		kammadhāraya 	lahu + parikkhāra		
āgatānāgatassa	āgatānāgata	pp		present and future	āgata + anāgata		dvanda 	āgatassa ca anāgatassa ca		
avissajjikaṃ	avissajjika	pp		not to be given out	na + vissajjika					
avebhaṅgikanti	avebhaṅgika	pp		not to be distributed	na + vebhaṅgika + ti					
naggiyapaṭikkhepakathā	naggiyapaṭikkhepakathā	fem	fem, comp	discussion about the prohibition against nakedness	naggiya + paṭikkhepa + kathā		chaṭṭhī tappurisa	naggiyapaṭikkhepassa + kathā		
dhutattāya						variant of dhutatāya				
kusacīrādipaṭikkhepakathā	kusacīrādipaṭikkhepakathā	fem	fem, comp	discussion about the prohibition against grass robes etc	kusacīra + ādi + paṭikkhepa + kathā		chaṭṭhī tappurisa	kusacīrādipaṭikkhepassa+ kathā		
titthiyadhajaṃ	titthiyadhaja	masc	masc, comp	sign of other religions; lit. another teacher’s banner	titthiya + dhaja		catutthī tappurisa 	titthiyassa + dhaja		
akkanāḷaṃ	akkanāḷa	masc	masc, comp	crown flower stalks	akka + anāḷa		catutthī tappurisa 	akkassa + anāḷa		
sabbanīlakādipaṭikkhepakathā	sabbanīlakādipaṭikkhepakathā	fem	fem, comp	discussion about the prohibition against what is entirely blue etc	sabba + nīlaka + ādi + paṭikkhepa + kathā		chaṭṭhī tappurisa	sabbanīlakādipaṭikkhepassa+ kathā		
sabbanīlakāni	sabbanīlaka	nt	nt, comp	entirely blue	sabba + nīlaka		kammadhāraya 	sabba + nīlaka		
sabbapītakāni	sabbapītakāni	nt	nt, comp	entirely yellow	sabba + pītakāni		kammadhāraya 	sabba + pītakāni		
sabbalohitakāni	sabbalohitaka	nt	nt, comp	entirely red	sabba + lohitaka		kammadhāraya 	sabba + lohitaka		
sabbamañjiṭṭhakāni	sabbamañjiṭṭhaka	nt	nt, comp	entirely pink	sabba + mañjiṭṭhaka		kammadhāraya 	sabba + mañjiṭṭhaka		
sabbamañjeṭṭhakāni	sabbamañjeṭṭhaka	nt	nt, comp	entirely pink	sabba + mañjeṭṭhaka	variant of sabbamañjiṭṭhakāni 	kammadhāraya 	sabba + mañjeṭṭhaka		
sabbakaṇhāni	sabbakaṇha	nt	nt, comp	entirely black	sabba + kaṇha		kammadhāraya 	sabba + kaṇha		
sabbamahāraṅgarattāni	sabbamahāraṅgaratta	nt	nt, comp	entirely orange; overly dyed	sabba + mahā + raṅga + ratta		kammadhāraya 	sabba + mahāraṅgaratta		
sabbamahānāmarattāni	sabbamahānāmaratta	nt	nt, comp	? SC says “entirely beige”	sabba + mahā + nāma + ratta		kammadhāraya 	sabba + mahānāmaratta		
pupphadasāni	pupphadasa	nt	nt, comp	floral-fringed; with floral tassels; with floral boarders	puppha + dasa		kammadhāraya 	puppha + dasa		
phaṇadasāni	phaṇadasa	nt	nt, comp	fringed with the hood of a snake; with tassels of a snake’s hood; with snake hood boarders	phaṇa + dasa		kammadhāraya 	phaṇa + dasa		
phaladasāni						variant of phaṇadasāni				
anuppannacīvarakathā	anuppannacīvarakathā	fem	fem, comp	discussion about not arisen robe-cloth	na + uppanna + cīvara + kathā	from Vassaṁvuṭṭhānaṁanuppannacīvarakathā	chaṭṭhī tappurisa	anuppannacīvarassa + kathā		
vassaṁvuṭṭhānaṁanuppannacīvarakathā	 Vassaṁvuṭṭhānaṁanuppannacīvarakathā	fem	fem, comp	discussion about the robe-cloth that has not yet been offered to those who have completed the rainy-season residence	 Vassa + vuṭṭhāna + na + uppanna + cīvara + kathā	also possible compound breakup: kammadhāraya; Vassaṁvuṭṭhānaṁ + anuppannacīvarassakathā	chaṭṭhī tappurisa	 Vassaṁvuṭṭhānaṁanuppannacīvarassa + kathā		
pitughātakāpi	pitughātakāpi	masc	masc, comp	patricide; one who has killed their father; a person who has murdered their father	pitu + ghātaka + āpi		kammadhāraya 	pitughātaka + āpi		
saṇghikacīvaruppādakathā	Saṇghikacīvaruppādakathā	fem	fem, comp	discussion about robe-cloth given to the Saṅgha	saṇghika + cīvara + uppāda + kathā		chaṭṭhī tappurisa	saṇghikacīvaruppādassa + kathā		
cīvaruppādakathā	cīvaruppādakathā	fem	fem, comp	discussion about arisen robe-cloth	cīvara + uppāda + kathā	from saṇghikacīvaruppādakathā	chaṭṭhī tappurisa	cīvaruppādassa + kathā		
saṅghassevetaṃ	saṅghasseveta	pr		all for the saṅgha; lit. this is only for the sangha	? saṅgha + eva + etaṃ		catutthī tappurisa 	saṅghassa + evetaṃ		
pakkhassevetaṃ	pakkhasseveta	pr		all for the faction; lit. this is only for the faction	pakkha + eva + etaṃ		catutthī tappurisa 	pakkhassa + evetaṃ		
duggahitasuggahitādikathā	duggahitasuggahitādikathā	fem	fem, comp	discussion about what is improperly and properly taken, etc.	duggahita + suggahita + ādi + kathā		chaṭṭhī tappurisa	? duggahitasuggahitādi kathā		
matakacīvaraṃ	matakacīvara	nt	nt, comp	inherited robe	mataka + cīvara		kammadhāraya 	mataka + cīvara		
aṭṭhacīvaramātikā	aṭṭhacīvaramātikā	fem	fem, comp	eight key phrases on robe-cloth; outline of eight on robe-cloth	aṭṭha + cīvara + mātikā		dīgu	aṭṭha + cīvaramātikā		
bhikkhāpaññattiyā	bhikkhāpaññatti	fem	fem, comp	where alms are prepared; place designated for collecting alms	bhikkhā + paññatti		kammadhāraya 	bhikkhā + paññatti		
vassaṃvuṭṭhasaṅghassa	vassaṃvuṭṭhasaṅgha	masc	masc, comp	saṅgha who had spent the rains retreat	vassaṃvuṭṭha + saṅgha		kammadhāraya 	vassaṃvuṭṭha + saṅgha		
antosīmagatā	antosīmagata	nt	nt, comp	within the limit (of the monastery)	anta + sīma + gata		catutthī tappurisa 	antosīmassa + gata		
samānalābhā	samānalābha	masc	masc, comp	same gains; equal gains	samāna + lābha		kammadhāraya 	samāna + lābha		
dhuvakārā	dhuvakāra			regularly working 	dhuva + kāra					
